Datetime,Open,High,Low,Close,Volume
2025-11-13 03:45:00+00:00,1858.199951171875,1859.699951171875,1850.199951171875,1850.9000244140625,5155.0
2025-11-13 04:00:00+00:00,1850.199951171875,1851.0,1849.0,1850.0,6318.0
2025-11-13 04:15:00+00:00,1850.0,1856.0,1848.199951171875,1854.5999755859373,16154.0
2025-11-13 04:30:00+00:00,1854.699951171875,1855.5,1854.0999755859373,1854.800048828125,4429.0
2025-11-13 04:45:00+00:00,1854.800048828125,1856.699951171875,1851.5,1853.5999755859373,6705.0
2025-11-13 05:00:00+00:00,1854.0,1857.0,1852.699951171875,1852.800048828125,17643.0
2025-11-13 05:15:00+00:00,1852.9000244140625,1852.9000244140625,1849.0999755859373,1850.800048828125,7989.0
2025-11-13 05:30:00+00:00,1851.0,1853.199951171875,1851.0,1852.4000244140625,2546.0
2025-11-13 05:45:00+00:00,1852.4000244140625,1855.9000244140625,1852.4000244140625,1855.0999755859373,5669.0
2025-11-13 06:00:00+00:00,1855.0,1859.0,1855.0,1855.9000244140625,11856.0
2025-11-13 06:15:00+00:00,1856.0999755859373,1857.9000244140625,1855.0,1856.5,6506.0
2025-11-13 06:30:00+00:00,1856.5,1858.0999755859373,1856.4000244140625,1857.800048828125,2761.0
2025-11-13 06:45:00+00:00,1857.699951171875,1857.9000244140625,1854.800048828125,1855.0,2661.0
2025-11-13 07:00:00+00:00,1855.0,1855.5999755859373,1851.0,1851.699951171875,4042.0
2025-11-13 07:15:00+00:00,1851.5999755859373,1852.300048828125,1850.0,1852.0999755859373,4252.0
2025-11-13 07:30:00+00:00,1851.699951171875,1854.699951171875,1851.699951171875,1854.699951171875,2357.0
2025-11-13 07:45:00+00:00,1854.4000244140625,1854.4000244140625,1851.800048828125,1852.9000244140625,2278.0
2025-11-13 08:00:00+00:00,1853.0,1855.0,1852.9000244140625,1854.4000244140625,1867.0
2025-11-13 08:15:00+00:00,1854.0,1854.300048828125,1852.800048828125,1853.5,9080.0
2025-11-13 08:30:00+00:00,1854.0,1854.0,1849.5,1849.5,12995.0
2025-11-13 08:45:00+00:00,1849.5,1850.0,1848.5,1848.9000244140625,4364.0
2025-11-13 09:00:00+00:00,1848.5,1849.0,1846.0,1848.0,8484.0
2025-11-13 09:15:00+00:00,1848.0,1848.0999755859373,1844.0,1844.0999755859373,14467.0
2025-11-13 09:30:00+00:00,1844.4000244140625,1848.5,1844.0999755859373,1847.699951171875,7596.0
2025-11-13 09:45:00+00:00,1847.300048828125,1847.699951171875,1840.0999755859373,1841.0,16755.0
2025-11-14 03:45:00+00:00,1844.0999755859373,1848.9000244140625,1840.0999755859373,1848.0,3903.0
2025-11-14 04:00:00+00:00,1847.800048828125,1850.0,1847.300048828125,1849.300048828125,7352.0
2025-11-14 04:15:00+00:00,1848.300048828125,1850.300048828125,1843.300048828125,1844.0999755859373,12153.0
2025-11-14 04:30:00+00:00,1843.300048828125,1845.0999755859373,1843.300048828125,1845.0999755859373,1556.0
2025-11-14 04:45:00+00:00,1845.0999755859373,1846.0,1842.0,1845.199951171875,5566.0
2025-11-14 05:00:00+00:00,1845.199951171875,1846.300048828125,1844.5999755859373,1845.0,1548.0
2025-11-14 05:15:00+00:00,1845.5,1848.5,1845.300048828125,1848.5,1647.0
2025-11-14 05:30:00+00:00,1847.800048828125,1848.300048828125,1846.5999755859373,1847.300048828125,1433.0
2025-11-14 05:45:00+00:00,1847.199951171875,1847.800048828125,1846.4000244140625,1846.800048828125,1467.0
2025-11-14 06:00:00+00:00,1847.4000244140625,1848.5999755859373,1846.9000244140625,1848.5999755859373,2132.0
2025-11-14 06:15:00+00:00,1848.5999755859373,1849.199951171875,1848.5,1848.800048828125,1066.0
2025-11-14 06:30:00+00:00,1848.5,1849.0,1847.800048828125,1849.0,2191.0
2025-11-14 06:45:00+00:00,1848.9000244140625,1848.9000244140625,1843.4000244140625,1845.0,4800.0
2025-11-14 07:00:00+00:00,1843.5,1845.0,1841.0,1842.0,3559.0
2025-11-14 07:15:00+00:00,1842.0,1845.0,1841.0,1841.800048828125,2950.0
2025-11-14 07:30:00+00:00,1842.800048828125,1842.800048828125,1839.0,1839.0,4919.0
2025-11-14 07:45:00+00:00,1839.9000244140625,1840.5999755859373,1839.0,1840.0,2929.0
2025-11-14 08:00:00+00:00,1839.4000244140625,1840.800048828125,1838.800048828125,1839.0,1529.0
2025-11-14 08:15:00+00:00,1838.699951171875,1840.300048828125,1837.300048828125,1840.0,3167.0
2025-11-14 08:30:00+00:00,1840.4000244140625,1841.9000244140625,1838.0999755859373,1841.9000244140625,3411.0
2025-11-14 08:45:00+00:00,1841.699951171875,1843.300048828125,1839.5999755859373,1840.5,1399.0
2025-11-14 09:00:00+00:00,1840.0999755859373,1841.0999755859373,1839.0999755859373,1840.199951171875,1874.0
2025-11-14 09:15:00+00:00,1840.0999755859373,1841.0999755859373,1839.199951171875,1840.300048828125,3154.0
2025-11-14 09:30:00+00:00,1840.4000244140625,1842.300048828125,1839.5999755859373,1839.9000244140625,10962.0
2025-11-14 09:45:00+00:00,1840.0,1840.199951171875,1837.0,1837.0,17558.0
2025-11-17 03:45:00+00:00,1843.4000244140625,1854.9000244140625,1843.4000244140625,1851.199951171875,3516.0
2025-11-17 04:00:00+00:00,1852.5,1853.0,1847.199951171875,1849.699951171875,6456.0
2025-11-17 04:15:00+00:00,1849.699951171875,1850.300048828125,1848.0,1848.5999755859373,4064.0
2025-11-17 04:30:00+00:00,1848.5999755859373,1849.699951171875,1843.0,1844.0999755859373,5577.0
2025-11-17 04:45:00+00:00,1844.0999755859373,1845.199951171875,1842.9000244140625,1845.0,5355.0
2025-11-17 05:00:00+00:00,1845.0,1848.0,1843.0999755859373,1845.0,18124.0
2025-11-17 05:15:00+00:00,1845.0,1846.300048828125,1844.699951171875,1845.0,2374.0
2025-11-17 05:30:00+00:00,1845.0,1845.0,1844.800048828125,1845.0,2093.0
2025-11-17 05:45:00+00:00,1845.0,1845.0,1843.4000244140625,1844.5999755859373,3420.0
2025-11-17 06:00:00+00:00,1844.5999755859373,1845.0,1842.800048828125,1844.5,1934.0
2025-11-17 06:15:00+00:00,1844.5,1845.0,1844.0999755859373,1845.0,829.0
2025-11-17 06:30:00+00:00,1845.0,1845.0,1844.4000244140625,1844.9000244140625,2166.0
2025-11-17 06:45:00+00:00,1844.9000244140625,1845.0,1844.5,1845.0,1107.0
2025-11-17 07:00:00+00:00,1844.5999755859373,1845.4000244140625,1843.5999755859373,1844.9000244140625,2293.0
2025-11-17 07:15:00+00:00,1844.9000244140625,1845.0,1844.0,1845.0,3299.0
2025-11-17 07:30:00+00:00,1845.0,1848.0,1844.5,1846.0999755859373,17363.0
2025-11-17 07:45:00+00:00,1846.0999755859373,1846.800048828125,1844.5,1845.4000244140625,2605.0
2025-11-17 08:00:00+00:00,1845.0,1845.5,1844.5,1844.5,3508.0
2025-11-17 08:15:00+00:00,1845.199951171875,1847.4000244140625,1844.9000244140625,1846.0,2278.0
2025-11-17 08:30:00+00:00,1846.0,1847.300048828125,1845.0999755859373,1845.0999755859373,2068.0
2025-11-17 08:45:00+00:00,1845.0999755859373,1845.800048828125,1845.0,1845.5999755859373,797.0
2025-11-17 09:00:00+00:00,1845.5999755859373,1845.800048828125,1844.0999755859373,1844.5,1356.0
2025-11-17 09:15:00+00:00,1844.5,1844.699951171875,1844.0,1844.0,1955.0
2025-11-17 09:30:00+00:00,1844.0,1848.199951171875,1844.0,1848.199951171875,6777.0
2025-11-17 09:45:00+00:00,1847.0999755859373,1849.0999755859373,1844.0999755859373,1846.699951171875,9255.0
2025-11-18 03:45:00+00:00,1849.0999755859373,1852.0,1844.0,1845.0,3553.0
2025-11-18 04:00:00+00:00,1845.0,1845.0,1843.5,1844.9000244140625,8433.0
2025-11-18 04:15:00+00:00,1845.0,1845.0,1840.0,1840.5999755859373,8259.0
2025-11-18 04:30:00+00:00,1840.4000244140625,1840.9000244140625,1838.300048828125,1839.199951171875,2463.0
2025-11-18 04:45:00+00:00,1839.199951171875,1841.0,1838.5999755859373,1840.0,8658.0
2025-11-18 05:00:00+00:00,1840.0,1840.0,1839.5,1839.5,2429.0
2025-11-18 05:15:00+00:00,1839.4000244140625,1846.0,1839.199951171875,1845.0,4727.0
2025-11-18 05:30:00+00:00,1845.0,1846.0,1843.0999755859373,1844.800048828125,2969.0
2025-11-18 05:45:00+00:00,1845.0,1845.0,1841.4000244140625,1842.4000244140625,5310.0
2025-11-18 06:00:00+00:00,1843.199951171875,1844.800048828125,1840.9000244140625,1840.9000244140625,3792.0
2025-11-18 06:15:00+00:00,1841.0999755859373,1842.199951171875,1839.0999755859373,1839.9000244140625,7558.0
2025-11-18 06:30:00+00:00,1840.0,1840.0,1838.0,1838.699951171875,5872.0
2025-11-18 06:45:00+00:00,1838.699951171875,1839.0,1838.0,1838.5999755859373,3324.0
2025-11-18 07:00:00+00:00,1838.5999755859373,1840.0,1838.5999755859373,1839.800048828125,5170.0
2025-11-18 07:15:00+00:00,1839.5,1840.0,1838.5999755859373,1839.800048828125,2665.0
2025-11-18 07:30:00+00:00,1839.9000244140625,1840.0,1838.699951171875,1840.0,3290.0
2025-11-18 07:45:00+00:00,1840.0,1840.0,1838.199951171875,1838.5999755859373,3324.0
2025-11-18 08:00:00+00:00,1838.5999755859373,1840.0,1838.5,1839.9000244140625,2571.0
2025-11-18 08:15:00+00:00,1840.0,1840.0,1839.0,1840.0,3713.0
2025-11-18 08:30:00+00:00,1839.9000244140625,1839.9000244140625,1839.199951171875,1839.5,3966.0
2025-11-18 08:45:00+00:00,1839.5,1840.0,1839.4000244140625,1839.9000244140625,4476.0
2025-11-18 09:00:00+00:00,1839.9000244140625,1839.9000244140625,1839.0,1839.199951171875,3846.0
2025-11-18 09:15:00+00:00,1839.0,1839.9000244140625,1838.5,1839.9000244140625,4593.0
2025-11-18 09:30:00+00:00,1839.9000244140625,1840.0999755859373,1839.699951171875,1839.699951171875,21926.0
2025-11-18 09:45:00+00:00,1840.0,1840.0,1825.0,1835.0,21360.0
2025-11-19 03:45:00+00:00,1838.9000244140625,1847.0,1836.800048828125,1843.5999755859373,5039.0
2025-11-19 04:00:00+00:00,1842.4000244140625,1845.0999755859373,1838.4000244140625,1840.4000244140625,8303.0
2025-11-19 04:15:00+00:00,1840.4000244140625,1841.199951171875,1836.800048828125,1837.0,9028.0
2025-11-19 04:30:00+00:00,1836.9000244140625,1837.9000244140625,1836.0,1836.800048828125,3995.0
2025-11-19 04:45:00+00:00,1836.800048828125,1838.300048828125,1836.300048828125,1837.0,3435.0
2025-11-19 05:00:00+00:00,1837.0,1837.800048828125,1836.0,1836.5,3239.0
2025-11-19 05:15:00+00:00,1836.5,1837.0,1835.0999755859373,1836.0999755859373,2796.0
2025-11-19 05:30:00+00:00,1836.0999755859373,1837.800048828125,1834.0,1836.5999755859373,5755.0
2025-11-19 05:45:00+00:00,1837.0,1837.800048828125,1836.4000244140625,1837.0,1853.0
2025-11-19 06:00:00+00:00,1836.5999755859373,1837.0,1836.5999755859373,1837.0,2222.0
2025-11-19 06:15:00+00:00,1837.0,1837.0,1836.9000244140625,1837.0,3062.0
2025-11-19 06:30:00+00:00,1837.0,1837.0,1835.300048828125,1836.0,6562.0
2025-11-19 06:45:00+00:00,1836.0,1836.0,1835.0999755859373,1835.800048828125,1336.0
2025-11-19 07:00:00+00:00,1835.800048828125,1838.0999755859373,1834.199951171875,1835.9000244140625,4999.0
2025-11-19 07:15:00+00:00,1835.800048828125,1844.4000244140625,1835.199951171875,1841.5,94005.0
2025-11-19 07:30:00+00:00,1841.5,1841.5,1839.800048828125,1840.0,9557.0
2025-11-19 07:45:00+00:00,1840.0,1840.4000244140625,1838.9000244140625,1839.4000244140625,4026.0
2025-11-19 08:00:00+00:00,1839.4000244140625,1840.0,1836.5999755859373,1837.5999755859373,3749.0
2025-11-19 08:15:00+00:00,1837.5999755859373,1838.9000244140625,1837.4000244140625,1837.9000244140625,4252.0
2025-11-19 08:30:00+00:00,1838.300048828125,1840.0,1837.800048828125,1840.0,1622.0
2025-11-19 08:45:00+00:00,1840.0,1840.0,1838.0,1838.0,2585.0
2025-11-19 09:00:00+00:00,1838.0,1838.0,1837.300048828125,1837.5,2194.0
2025-11-19 09:15:00+00:00,1838.0,1838.0,1837.300048828125,1837.4000244140625,2573.0
2025-11-19 09:30:00+00:00,1837.300048828125,1838.0,1835.0,1837.800048828125,8232.0
2025-11-19 09:45:00+00:00,1837.699951171875,1838.0,1835.4000244140625,1838.0,15220.0
2025-11-20 03:45:00+00:00,1846.9000244140625,1851.699951171875,1842.5,1849.199951171875,3932.0
2025-11-20 04:00:00+00:00,1849.199951171875,1850.699951171875,1847.0,1847.5999755859373,9937.0
2025-11-20 04:15:00+00:00,1847.5999755859373,1852.0999755859373,1847.5,1850.0,8514.0
2025-11-20 04:30:00+00:00,1851.4000244140625,1852.199951171875,1845.0,1852.199951171875,8355.0
2025-11-20 04:45:00+00:00,1853.5999755859373,1865.0,1851.699951171875,1862.0,28346.0
2025-11-20 05:00:00+00:00,1862.5,1862.800048828125,1859.0,1862.5,9804.0
2025-11-20 05:15:00+00:00,1862.300048828125,1863.0,1854.0999755859373,1856.699951171875,9942.0
2025-11-20 05:30:00+00:00,1856.699951171875,1859.5999755859373,1855.0,1858.0,4400.0
2025-11-20 05:45:00+00:00,1857.9000244140625,1860.199951171875,1857.9000244140625,1859.300048828125,6568.0
2025-11-20 06:00:00+00:00,1859.300048828125,1861.199951171875,1859.199951171875,1860.5999755859373,2824.0
2025-11-20 06:15:00+00:00,1860.5999755859373,1861.0,1854.5999755859373,1855.300048828125,6286.0
2025-11-20 06:30:00+00:00,1855.300048828125,1856.4000244140625,1850.4000244140625,1851.300048828125,5838.0
2025-11-20 06:45:00+00:00,1850.5999755859373,1851.4000244140625,1847.0,1848.0999755859373,6708.0
2025-11-20 07:00:00+00:00,1848.0999755859373,1859.0,1848.0,1851.199951171875,40064.0
2025-11-20 07:15:00+00:00,1851.199951171875,1856.0,1850.0,1856.0,14031.0
2025-11-20 07:30:00+00:00,1856.4000244140625,1856.4000244140625,1852.0,1854.800048828125,29255.0
2025-11-20 07:45:00+00:00,1854.300048828125,1855.800048828125,1852.699951171875,1854.0999755859373,3583.0
2025-11-20 08:00:00+00:00,1854.4000244140625,1855.800048828125,1853.0999755859373,1854.300048828125,5395.0
2025-11-20 08:15:00+00:00,1855.0,1855.0,1850.9000244140625,1851.4000244140625,3204.0
2025-11-20 08:30:00+00:00,1851.4000244140625,1852.9000244140625,1850.9000244140625,1852.300048828125,1760.0
2025-11-20 08:45:00+00:00,1852.300048828125,1853.5,1852.0,1852.0,4056.0
2025-11-20 09:00:00+00:00,1852.0,1855.0,1851.0999755859373,1852.800048828125,4478.0
2025-11-20 09:15:00+00:00,1852.800048828125,1855.0,1850.199951171875,1851.4000244140625,7530.0
2025-11-20 09:30:00+00:00,1852.0,1854.699951171875,1846.0999755859373,1847.5,31021.0
2025-11-20 09:45:00+00:00,1848.0,1852.4000244140625,1847.0,1852.4000244140625,11864.0
2025-11-21 03:45:00+00:00,1853.0,1854.0,1845.9000244140625,1847.800048828125,3513.0
2025-11-21 04:00:00+00:00,1846.699951171875,1847.0,1842.5,1845.5,4866.0
2025-11-21 04:15:00+00:00,1845.300048828125,1845.300048828125,1840.0,1843.300048828125,5032.0
2025-11-21 04:30:00+00:00,1842.699951171875,1844.0999755859373,1839.0,1840.800048828125,6029.0
2025-11-21 04:45:00+00:00,1840.5,1842.699951171875,1839.0,1839.800048828125,1886.0
2025-11-21 05:00:00+00:00,1839.800048828125,1840.0,1836.5999755859373,1838.9000244140625,4096.0
2025-11-21 05:15:00+00:00,1838.9000244140625,1839.199951171875,1836.0999755859373,1837.0,6979.0
2025-11-21 05:30:00+00:00,1837.0,1838.5,1835.0999755859373,1838.0,3353.0
2025-11-21 05:45:00+00:00,1838.5,1840.0,1836.0999755859373,1839.800048828125,42361.0
2025-11-21 06:00:00+00:00,1839.800048828125,1841.5,1837.9000244140625,1840.0,36059.0
2025-11-21 06:15:00+00:00,1839.9000244140625,1841.5,1838.9000244140625,1838.9000244140625,1793.0
2025-11-21 06:30:00+00:00,1840.0,1840.699951171875,1837.800048828125,1839.0999755859373,453.0
2025-11-21 06:45:00+00:00,1840.0999755859373,1841.5999755859373,1839.0,1839.9000244140625,1026.0
2025-11-21 07:00:00+00:00,1840.0,1840.0,1837.9000244140625,1840.0,1479.0
2025-11-21 07:15:00+00:00,1840.0,1840.0,1837.800048828125,1837.800048828125,379.0
2025-11-21 07:30:00+00:00,1839.199951171875,1840.0,1836.5999755859373,1836.5999755859373,758.0
2025-11-21 07:45:00+00:00,1837.9000244140625,1839.0,1836.800048828125,1837.9000244140625,2155.0
2025-11-21 08:00:00+00:00,1839.0,1839.0,1837.0999755859373,1838.9000244140625,1003.0
2025-11-21 08:15:00+00:00,1838.9000244140625,1839.0,1837.300048828125,1839.0,670.0
2025-11-21 08:30:00+00:00,1839.0,1840.0,1836.4000244140625,1839.699951171875,4001.0
2025-11-21 08:45:00+00:00,1839.300048828125,1840.300048828125,1837.0999755859373,1839.9000244140625,1764.0
2025-11-21 09:00:00+00:00,1839.9000244140625,1840.0,1835.5999755859373,1838.9000244140625,4521.0
2025-11-21 09:15:00+00:00,1838.9000244140625,1838.9000244140625,1835.0999755859373,1837.9000244140625,4023.0
2025-11-21 09:30:00+00:00,1837.699951171875,1837.699951171875,1832.199951171875,1837.0,12203.0
2025-11-21 09:45:00+00:00,1836.0999755859373,1836.9000244140625,1825.0,1832.0,24074.0
2025-11-24 03:45:00+00:00,1833.5999755859373,1833.5999755859373,1822.0,1824.9000244140625,6631.0
2025-11-24 04:00:00+00:00,1824.5,1825.300048828125,1821.5,1822.5,13101.0
2025-11-24 04:15:00+00:00,1822.0,1825.0,1819.699951171875,1820.300048828125,15453.0
2025-11-24 04:30:00+00:00,1820.4000244140625,1829.5,1820.4000244140625,1826.9000244140625,22117.0
2025-11-24 04:45:00+00:00,1827.4000244140625,1828.800048828125,1822.5,1823.5,6764.0
2025-11-24 05:00:00+00:00,1823.5,1826.699951171875,1822.9000244140625,1824.9000244140625,12695.0
2025-11-24 05:15:00+00:00,1824.9000244140625,1825.800048828125,1823.699951171875,1824.800048828125,7122.0
2025-11-24 05:30:00+00:00,1824.800048828125,1825.0999755859373,1823.5,1824.300048828125,3194.0
2025-11-24 05:45:00+00:00,1824.5,1824.699951171875,1823.0,1823.300048828125,1892.0
2025-11-24 06:00:00+00:00,1823.199951171875,1825.4000244140625,1822.4000244140625,1824.0999755859373,6736.0
2025-11-24 06:15:00+00:00,1825.300048828125,1825.300048828125,1816.0,1818.5,17497.0
2025-11-24 06:30:00+00:00,1817.4000244140625,1820.5,1816.5,1818.0,7110.0
2025-11-24 06:45:00+00:00,1818.0,1827.300048828125,1815.5999755859373,1825.0,37519.0
2025-11-24 07:00:00+00:00,1825.0,1825.699951171875,1818.5999755859373,1825.0,22445.0
2025-11-24 07:15:00+00:00,1824.5,1826.0,1824.4000244140625,1825.300048828125,27421.0
2025-11-24 07:30:00+00:00,1825.4000244140625,1826.0999755859373,1821.300048828125,1822.699951171875,21163.0
2025-11-24 07:45:00+00:00,1822.699951171875,1823.800048828125,1822.0,1822.300048828125,3508.0
2025-11-24 08:00:00+00:00,1822.5999755859373,1823.5,1820.0999755859373,1820.800048828125,4527.0
2025-11-24 08:15:00+00:00,1820.5,1824.300048828125,1819.699951171875,1823.5999755859373,5197.0
2025-11-24 08:30:00+00:00,1823.5999755859373,1824.699951171875,1821.300048828125,1822.5,5132.0
2025-11-24 08:45:00+00:00,1822.699951171875,1823.699951171875,1811.0,1814.0999755859373,21044.0
2025-11-24 09:00:00+00:00,1813.800048828125,1817.199951171875,1810.0,1810.0,11981.0
2025-11-24 09:15:00+00:00,1810.0,1812.699951171875,1807.199951171875,1809.9000244140625,20866.0
2025-11-24 09:30:00+00:00,1811.5,1917.9000244140625,1810.199951171875,1916.199951171875,1368397.0
2025-11-24 09:45:00+00:00,1915.5,1986.199951171875,1904.5999755859373,1930.0,1837629.0
2025-11-25 03:45:00+00:00,1902.0,1906.0999755859373,1878.699951171875,1878.699951171875,28444.0
2025-11-25 04:00:00+00:00,1877.0999755859373,1879.0999755859373,1870.300048828125,1871.0999755859373,34077.0
2025-11-25 04:15:00+00:00,1871.0999755859373,1875.0,1870.5,1872.699951171875,14729.0
2025-11-25 04:30:00+00:00,1874.0,1874.0999755859373,1872.0,1873.9000244140625,6698.0
2025-11-25 04:45:00+00:00,1873.9000244140625,1874.0,1867.4000244140625,1870.699951171875,13787.0
2025-11-25 05:00:00+00:00,1869.0999755859373,1870.800048828125,1863.0999755859373,1869.5,20780.0
2025-11-25 05:15:00+00:00,1870.800048828125,1873.5999755859373,1867.5999755859373,1870.5,13795.0
2025-11-25 05:30:00+00:00,1870.0,1872.699951171875,1869.300048828125,1871.699951171875,5903.0
2025-11-25 05:45:00+00:00,1870.5999755859373,1871.5999755859373,1866.0999755859373,1867.0,5369.0
2025-11-25 06:00:00+00:00,1868.0,1868.699951171875,1865.0,1865.5999755859373,7061.0
2025-11-25 06:15:00+00:00,1865.5999755859373,1867.800048828125,1865.0,1866.699951171875,5297.0
2025-11-25 06:30:00+00:00,1866.0999755859373,1867.9000244140625,1864.0999755859373,1864.9000244140625,5372.0
2025-11-25 06:45:00+00:00,1864.9000244140625,1866.199951171875,1863.199951171875,1865.800048828125,6011.0
2025-11-25 07:00:00+00:00,1865.9000244140625,1868.5,1864.699951171875,1867.5999755859373,6384.0
2025-11-25 07:15:00+00:00,1867.5999755859373,1870.0,1865.5,1869.0,11600.0
2025-11-25 07:30:00+00:00,1869.9000244140625,1870.0,1866.699951171875,1869.300048828125,4419.0
2025-11-25 07:45:00+00:00,1869.300048828125,1869.300048828125,1866.199951171875,1868.0,2735.0
2025-11-25 08:00:00+00:00,1867.300048828125,1870.4000244140625,1866.199951171875,1868.4000244140625,8180.0
2025-11-25 08:15:00+00:00,1868.4000244140625,1868.699951171875,1866.300048828125,1867.0,3278.0
2025-11-25 08:30:00+00:00,1868.0,1869.5999755859373,1866.300048828125,1868.0,5655.0
2025-11-25 08:45:00+00:00,1867.800048828125,1867.9000244140625,1858.800048828125,1860.0,16861.0
2025-11-25 09:00:00+00:00,1859.9000244140625,1860.800048828125,1858.4000244140625,1859.5999755859373,6541.0
2025-11-25 09:15:00+00:00,1859.5999755859373,1867.0,1858.699951171875,1864.300048828125,12581.0
2025-11-25 09:30:00+00:00,1867.699951171875,1874.4000244140625,1866.4000244140625,1869.5,52619.0
2025-11-25 09:45:00+00:00,1869.5,1869.699951171875,1860.0,1860.4000244140625,35155.0
2025-11-26 03:45:00+00:00,1869.0999755859373,1871.699951171875,1858.5999755859373,1867.4000244140625,10487.0
2025-11-26 04:00:00+00:00,1868.5999755859373,1872.5999755859373,1865.4000244140625,1871.800048828125,8443.0
2025-11-26 04:15:00+00:00,1871.5,1878.0,1871.5,1873.300048828125,10700.0
2025-11-26 04:30:00+00:00,1873.0,1877.0,1873.0,1874.9000244140625,3646.0
2025-11-26 04:45:00+00:00,1874.9000244140625,1874.9000244140625,1870.0999755859373,1873.0999755859373,4759.0
2025-11-26 05:00:00+00:00,1873.5999755859373,1873.9000244140625,1870.0999755859373,1872.800048828125,3759.0
2025-11-26 05:15:00+00:00,1872.5999755859373,1875.9000244140625,1871.5999755859373,1875.0,5032.0
2025-11-26 05:30:00+00:00,1874.699951171875,1879.800048828125,1873.5,1876.5999755859373,6743.0
2025-11-26 05:45:00+00:00,1876.0,1876.0,1868.5999755859373,1871.300048828125,4807.0
2025-11-26 06:00:00+00:00,1871.800048828125,1871.800048828125,1862.5999755859373,1865.0,5716.0
2025-11-26 06:15:00+00:00,1864.0,1866.0999755859373,1862.699951171875,1866.0999755859373,2732.0
2025-11-26 06:30:00+00:00,1865.9000244140625,1869.0,1865.9000244140625,1867.0,1206.0
2025-11-26 06:45:00+00:00,1866.800048828125,1867.5999755859373,1864.5999755859373,1866.5999755859373,1830.0
2025-11-26 07:00:00+00:00,1865.0999755859373,1865.699951171875,1863.300048828125,1864.0999755859373,2646.0
2025-11-26 07:15:00+00:00,1864.800048828125,1867.0,1863.800048828125,1865.5999755859373,743.0
2025-11-26 07:30:00+00:00,1865.0,1868.800048828125,1865.0,1866.199951171875,2058.0
2025-11-26 07:45:00+00:00,1865.5,1869.699951171875,1860.0,1861.0,6901.0
2025-11-26 08:00:00+00:00,1861.0,1867.699951171875,1861.0,1867.300048828125,3403.0
2025-11-26 08:15:00+00:00,1867.300048828125,1867.300048828125,1865.800048828125,1866.699951171875,1991.0
2025-11-26 08:30:00+00:00,1866.9000244140625,1871.9000244140625,1866.5999755859373,1869.800048828125,7328.0
2025-11-26 08:45:00+00:00,1869.800048828125,1870.800048828125,1868.5999755859373,1869.699951171875,3222.0
2025-11-26 09:00:00+00:00,1869.9000244140625,1871.0999755859373,1867.300048828125,1869.199951171875,15651.0
2025-11-26 09:15:00+00:00,1869.199951171875,1884.0,1869.0,1881.5,30879.0
2025-11-26 09:30:00+00:00,1880.0999755859373,1887.800048828125,1880.0999755859373,1885.0,20452.0
2025-11-26 09:45:00+00:00,1885.0,1886.5,1875.0,1884.5,21421.0
2025-11-27 03:45:00+00:00,1886.0,1886.0,1872.800048828125,1873.4000244140625,13391.0
2025-11-27 04:00:00+00:00,1874.699951171875,1876.5,1871.0999755859373,1872.0,14176.0
2025-11-27 04:15:00+00:00,1872.0,1876.0,1869.0999755859373,1875.0999755859373,7191.0
2025-11-27 04:30:00+00:00,1875.0,1875.800048828125,1872.5999755859373,1875.199951171875,3318.0
2025-11-27 04:45:00+00:00,1875.300048828125,1875.300048828125,1872.5999755859373,1874.5999755859373,1326.0
2025-11-27 05:00:00+00:00,1874.5999755859373,1876.0999755859373,1872.699951171875,1873.4000244140625,2946.0
2025-11-27 05:15:00+00:00,1874.300048828125,1875.5,1872.0999755859373,1872.4000244140625,1863.0
2025-11-27 05:30:00+00:00,1873.699951171875,1875.0,1871.199951171875,1875.0,2185.0
2025-11-27 05:45:00+00:00,1872.5999755859373,1874.199951171875,1870.5,1870.9000244140625,2259.0
2025-11-27 06:00:00+00:00,1870.9000244140625,1872.0,1870.0999755859373,1871.0,1384.0
2025-11-27 06:15:00+00:00,1871.9000244140625,1873.199951171875,1870.199951171875,1872.699951171875,1740.0
2025-11-27 06:30:00+00:00,1872.699951171875,1872.9000244140625,1865.9000244140625,1865.9000244140625,6257.0
2025-11-27 06:45:00+00:00,1866.0,1869.699951171875,1866.0,1868.0999755859373,1600.0
2025-11-27 07:00:00+00:00,1868.0999755859373,1870.300048828125,1867.0999755859373,1870.0,2800.0
2025-11-27 07:15:00+00:00,1870.0,1873.5,1868.5999755859373,1871.699951171875,2777.0
2025-11-27 07:30:00+00:00,1873.0,1873.4000244140625,1870.0999755859373,1871.699951171875,2256.0
2025-11-27 07:45:00+00:00,1871.5,1871.9000244140625,1869.9000244140625,1870.9000244140625,1440.0
2025-11-27 08:00:00+00:00,1870.9000244140625,1871.9000244140625,1868.699951171875,1870.9000244140625,2420.0
2025-11-27 08:15:00+00:00,1870.9000244140625,1871.199951171875,1866.0999755859373,1871.199951171875,3288.0
2025-11-27 08:30:00+00:00,1870.9000244140625,1871.699951171875,1867.5,1868.699951171875,754.0
2025-11-27 08:45:00+00:00,1868.699951171875,1870.0,1866.5999755859373,1868.199951171875,4771.0
2025-11-27 09:00:00+00:00,1869.800048828125,1870.9000244140625,1866.800048828125,1868.5999755859373,1374.0
2025-11-27 09:15:00+00:00,1868.5999755859373,1869.800048828125,1867.300048828125,1869.0,2128.0
2025-11-27 09:30:00+00:00,1868.699951171875,1875.4000244140625,1867.5,1872.0999755859373,14619.0
2025-11-27 09:45:00+00:00,1872.800048828125,1873.0999755859373,1864.0,1865.0,13772.0
2025-11-28 03:45:00+00:00,1868.0999755859373,1870.0,1860.800048828125,1864.199951171875,7507.0
2025-11-28 04:00:00+00:00,1863.0999755859373,1865.0,1857.699951171875,1860.9000244140625,7839.0
2025-11-28 04:15:00+00:00,1860.800048828125,1864.0,1859.199951171875,1863.699951171875,3239.0
2025-11-28 04:30:00+00:00,1863.9000244140625,1869.9000244140625,1862.0,1865.0,14570.0
2025-11-28 04:45:00+00:00,1866.5999755859373,1867.0,1863.0,1866.9000244140625,7917.0
2025-11-28 05:00:00+00:00,1866.9000244140625,1867.300048828125,1863.0,1864.0999755859373,4180.0
2025-11-28 05:15:00+00:00,1864.0999755859373,1864.9000244140625,1861.0999755859373,1863.0999755859373,5466.0
2025-11-28 05:30:00+00:00,1863.199951171875,1865.0,1861.0,1861.0,18135.0
2025-11-28 05:45:00+00:00,1862.4000244140625,1862.4000244140625,1857.0,1857.5,5964.0
2025-11-28 06:00:00+00:00,1858.5,1859.800048828125,1856.5,1858.199951171875,2450.0
2025-11-28 06:15:00+00:00,1858.300048828125,1858.9000244140625,1855.0999755859373,1857.9000244140625,4217.0
2025-11-28 06:30:00+00:00,1857.800048828125,1858.4000244140625,1854.0999755859373,1856.0999755859373,6580.0
2025-11-28 06:45:00+00:00,1856.0,1856.0999755859373,1853.0999755859373,1854.5999755859373,2613.0
2025-11-28 07:00:00+00:00,1854.800048828125,1854.800048828125,1851.0999755859373,1853.0,6398.0
2025-11-28 07:15:00+00:00,1852.800048828125,1852.9000244140625,1849.0,1850.0,9960.0
2025-11-28 07:30:00+00:00,1850.0,1850.0,1848.800048828125,1850.0,2059.0
2025-11-28 07:45:00+00:00,1850.0,1850.300048828125,1849.0999755859373,1850.0,1419.0
2025-11-28 08:00:00+00:00,1850.0,1850.0999755859373,1849.0,1849.0999755859373,1641.0
2025-11-28 08:15:00+00:00,1849.0,1850.4000244140625,1848.0,1849.0,2744.0
2025-11-28 08:30:00+00:00,1850.300048828125,1852.0,1847.5,1849.0999755859373,11824.0
2025-11-28 08:45:00+00:00,1849.0999755859373,1849.5,1847.199951171875,1848.0,2113.0
2025-11-28 09:00:00+00:00,1848.0,1850.5,1847.4000244140625,1847.699951171875,14916.0
2025-11-28 09:15:00+00:00,1849.5,1850.0,1847.800048828125,1850.0,10081.0
2025-11-28 09:30:00+00:00,1849.9000244140625,1850.699951171875,1849.0999755859373,1850.4000244140625,12255.0
2025-11-28 09:45:00+00:00,1850.4000244140625,1851.0,1847.5999755859373,1850.300048828125,13141.0
2025-12-01 03:45:00+00:00,1868.0,1868.0,1854.0,1861.0,8000.0
2025-12-01 04:00:00+00:00,1862.0,1862.0,1851.0,1851.5,8337.0
2025-12-01 04:15:00+00:00,1851.5999755859373,1853.300048828125,1849.5,1850.300048828125,9988.0
2025-12-01 04:30:00+00:00,1850.300048828125,1856.4000244140625,1850.300048828125,1856.0,5905.0
2025-12-01 04:45:00+00:00,1856.0,1858.0,1855.300048828125,1857.4000244140625,8946.0
2025-12-01 05:00:00+00:00,1857.5,1858.300048828125,1854.199951171875,1855.699951171875,1754.0
2025-12-01 05:15:00+00:00,1854.5,1855.9000244140625,1851.9000244140625,1852.9000244140625,1778.0
2025-12-01 05:30:00+00:00,1852.800048828125,1855.300048828125,1849.800048828125,1852.800048828125,5388.0
2025-12-01 05:45:00+00:00,1852.800048828125,1855.5,1852.800048828125,1855.0,2370.0
2025-12-01 06:00:00+00:00,1855.0,1855.0,1851.199951171875,1852.800048828125,3344.0
2025-12-01 06:15:00+00:00,1852.5999755859373,1852.699951171875,1850.0,1850.5,2219.0
2025-12-01 06:30:00+00:00,1850.5,1852.0999755859373,1849.0,1849.199951171875,4326.0
2025-12-01 06:45:00+00:00,1849.199951171875,1851.0,1849.0,1850.5,1290.0
2025-12-01 07:00:00+00:00,1850.0,1850.9000244140625,1848.5999755859373,1850.300048828125,1592.0
2025-12-01 07:15:00+00:00,1850.5,1851.0,1847.699951171875,1850.0,3789.0
2025-12-01 07:30:00+00:00,1850.0,1850.800048828125,1848.5,1850.5,1000.0
2025-12-01 07:45:00+00:00,1850.5,1850.9000244140625,1848.0999755859373,1850.0,2032.0
2025-12-01 08:00:00+00:00,1850.0,1851.199951171875,1848.5,1850.800048828125,2615.0
2025-12-01 08:15:00+00:00,1850.0,1851.0,1848.300048828125,1850.0,2054.0
2025-12-01 08:30:00+00:00,1850.0,1851.0999755859373,1849.0999755859373,1850.0,1761.0
2025-12-01 08:45:00+00:00,1850.4000244140625,1851.300048828125,1849.0,1849.5,1105.0
2025-12-01 09:00:00+00:00,1850.0,1851.5,1848.199951171875,1849.9000244140625,2127.0
2025-12-01 09:15:00+00:00,1850.0,1851.5999755859373,1848.4000244140625,1850.0,2675.0
2025-12-01 09:30:00+00:00,1850.0,1852.9000244140625,1848.9000244140625,1850.0,13219.0
2025-12-01 09:45:00+00:00,1851.0,1852.0,1848.0,1850.5,11492.0
2025-12-02 03:45:00+00:00,1850.0,1850.0,1845.0,1849.0999755859373,2210.0
2025-12-02 04:00:00+00:00,1849.300048828125,1849.300048828125,1845.0999755859373,1845.5999755859373,3761.0
2025-12-02 04:15:00+00:00,1845.5999755859373,1850.0,1845.0999755859373,1849.800048828125,3486.0
2025-12-02 04:30:00+00:00,1848.4000244140625,1850.4000244140625,1848.0,1850.4000244140625,3264.0
2025-12-02 04:45:00+00:00,1850.0,1850.0,1847.0,1849.699951171875,3301.0
2025-12-02 05:00:00+00:00,1849.4000244140625,1850.4000244140625,1848.699951171875,1850.0,1654.0
2025-12-02 05:15:00+00:00,1850.0,1856.699951171875,1849.0999755859373,1856.699951171875,4384.0
2025-12-02 05:30:00+00:00,1854.4000244140625,1857.0,1852.0,1854.5999755859373,3655.0
2025-12-02 05:45:00+00:00,1854.5999755859373,1854.800048828125,1850.0,1852.199951171875,2652.0
2025-12-02 06:00:00+00:00,1852.199951171875,1853.0,1848.0,1851.0,3577.0
2025-12-02 06:15:00+00:00,1851.300048828125,1852.0999755859373,1848.800048828125,1848.800048828125,3113.0
2025-12-02 06:30:00+00:00,1850.5,1851.9000244140625,1849.199951171875,1851.9000244140625,850.0
2025-12-02 06:45:00+00:00,1851.9000244140625,1853.0999755859373,1849.0,1852.699951171875,5034.0
2025-12-02 07:00:00+00:00,1852.699951171875,1853.5,1850.199951171875,1850.199951171875,1225.0
2025-12-02 07:15:00+00:00,1852.199951171875,1852.800048828125,1850.0,1850.9000244140625,935.0
2025-12-02 07:30:00+00:00,1850.9000244140625,1851.0,1846.0,1849.0,4355.0
2025-12-02 07:45:00+00:00,1849.0999755859373,1849.0999755859373,1846.0,1846.199951171875,671.0
2025-12-02 08:00:00+00:00,1848.0,1848.0,1846.0,1847.5,772.0
2025-12-02 08:15:00+00:00,1847.4000244140625,1848.4000244140625,1846.0,1848.4000244140625,606.0
2025-12-02 08:30:00+00:00,1848.4000244140625,1850.9000244140625,1846.9000244140625,1848.5,2519.0
2025-12-02 08:45:00+00:00,1848.300048828125,1850.4000244140625,1848.300048828125,1848.4000244140625,2033.0
2025-12-02 09:00:00+00:00,1850.0,1850.0,1847.0999755859373,1848.0,1263.0
2025-12-02 09:15:00+00:00,1848.0,1849.0,1846.199951171875,1848.0,1220.0
2025-12-02 09:30:00+00:00,1849.0,1854.5999755859373,1848.0,1853.9000244140625,6441.0
2025-12-02 09:45:00+00:00,1853.9000244140625,1857.699951171875,1848.9000244140625,1855.0,28356.0
2025-12-03 03:45:00+00:00,1852.0,1864.199951171875,1846.0,1846.0,5195.0
2025-12-03 04:00:00+00:00,1845.800048828125,1846.0,1840.9000244140625,1844.4000244140625,11118.0
2025-12-03 04:15:00+00:00,1843.300048828125,1844.5,1839.300048828125,1839.699951171875,7865.0
2025-12-03 04:30:00+00:00,1839.4000244140625,1840.5999755859373,1838.699951171875,1839.0,5147.0
2025-12-03 04:45:00+00:00,1840.0,1842.0,1839.5,1840.800048828125,3018.0
2025-12-03 05:00:00+00:00,1841.199951171875,1841.199951171875,1836.9000244140625,1837.0,5098.0
2025-12-03 05:15:00+00:00,1837.0,1837.5,1835.5999755859373,1835.800048828125,3248.0
2025-12-03 05:30:00+00:00,1835.800048828125,1840.0,1835.800048828125,1839.9000244140625,2337.0
2025-12-03 05:45:00+00:00,1839.9000244140625,1839.9000244140625,1837.0,1839.0,826.0
2025-12-03 06:00:00+00:00,1837.699951171875,1840.5999755859373,1836.9000244140625,1839.9000244140625,3204.0
2025-12-03 06:15:00+00:00,1839.9000244140625,1842.0,1838.800048828125,1838.800048828125,4984.0
2025-12-03 06:30:00+00:00,1839.4000244140625,1840.5,1838.5999755859373,1840.0,2742.0
2025-12-03 06:45:00+00:00,1839.199951171875,1840.0,1839.199951171875,1839.699951171875,1336.0
2025-12-03 07:00:00+00:00,1840.0,1840.0,1837.5999755859373,1839.5999755859373,1293.0
2025-12-03 07:15:00+00:00,1839.5999755859373,1840.0,1838.0,1838.0,5186.0
2025-12-03 07:30:00+00:00,1838.9000244140625,1840.0,1838.5,1839.0,2852.0
2025-12-03 07:45:00+00:00,1839.0,1839.0,1837.300048828125,1838.9000244140625,866.0
2025-12-03 08:00:00+00:00,1838.9000244140625,1840.0,1838.0999755859373,1840.0,1759.0
2025-12-03 08:15:00+00:00,1839.699951171875,1840.0,1837.699951171875,1838.300048828125,1213.0
2025-12-03 08:30:00+00:00,1839.800048828125,1840.0,1838.199951171875,1839.5,3114.0
2025-12-03 08:45:00+00:00,1839.5,1840.0,1838.300048828125,1839.0,760.0
2025-12-03 09:00:00+00:00,1839.800048828125,1839.800048828125,1836.0999755859373,1839.300048828125,1945.0
2025-12-03 09:15:00+00:00,1839.199951171875,1839.9000244140625,1837.800048828125,1839.5999755859373,3449.0
2025-12-03 09:30:00+00:00,1838.5999755859373,1841.5,1837.199951171875,1837.199951171875,19689.0
2025-12-03 09:45:00+00:00,1839.5999755859373,1840.0,1836.4000244140625,1840.0,17664.0
2025-12-04 03:45:00+00:00,1838.0,1843.800048828125,1832.0999755859373,1833.5,8167.0
2025-12-04 04:00:00+00:00,1832.9000244140625,1836.800048828125,1832.5,1835.0,5099.0
2025-12-04 04:15:00+00:00,1835.0,1837.9000244140625,1833.199951171875,1837.4000244140625,4701.0
2025-12-04 04:30:00+00:00,1837.4000244140625,1838.0,1833.0999755859373,1834.5,3773.0
2025-12-04 04:45:00+00:00,1834.5,1835.0,1828.0,1830.0,12226.0
2025-12-04 05:00:00+00:00,1831.699951171875,1832.0,1823.199951171875,1823.5,26381.0
2025-12-04 05:15:00+00:00,1824.0,1825.5,1822.199951171875,1823.800048828125,20507.0
2025-12-04 05:30:00+00:00,1825.0,1825.0,1823.4000244140625,1823.5999755859373,6598.0
2025-12-04 05:45:00+00:00,1823.5,1825.0,1822.199951171875,1822.699951171875,6664.0
2025-12-04 06:00:00+00:00,1822.699951171875,1823.9000244140625,1819.699951171875,1820.0,10528.0
2025-12-04 06:15:00+00:00,1820.0,1822.0,1819.199951171875,1821.300048828125,3810.0
2025-12-04 06:30:00+00:00,1820.199951171875,1824.199951171875,1819.800048828125,1821.699951171875,2924.0
2025-12-04 06:45:00+00:00,1821.699951171875,1823.0,1821.0999755859373,1821.300048828125,2648.0
2025-12-04 07:00:00+00:00,1821.300048828125,1823.300048828125,1820.800048828125,1821.800048828125,1596.0
2025-12-04 07:15:00+00:00,1822.5,1823.0,1821.699951171875,1822.0,3672.0
2025-12-04 07:30:00+00:00,1821.699951171875,1821.9000244140625,1819.699951171875,1820.0,7720.0
2025-12-04 07:45:00+00:00,1819.9000244140625,1820.0,1819.5,1820.0,4247.0
2025-12-04 08:00:00+00:00,1820.0,1820.9000244140625,1818.199951171875,1819.800048828125,2590.0
2025-12-04 08:15:00+00:00,1819.0,1820.0,1818.300048828125,1818.800048828125,1937.0
2025-12-04 08:30:00+00:00,1819.5999755859373,1820.0,1818.800048828125,1819.9000244140625,3529.0
2025-12-04 08:45:00+00:00,1819.0999755859373,1820.0,1818.5999755859373,1819.9000244140625,1401.0
2025-12-04 09:00:00+00:00,1819.9000244140625,1820.0,1818.5999755859373,1818.5999755859373,3582.0
2025-12-04 09:15:00+00:00,1818.9000244140625,1819.9000244140625,1817.5,1817.5,7106.0
2025-12-04 09:30:00+00:00,1817.5999755859373,1819.800048828125,1816.199951171875,1819.5,13941.0
2025-12-04 09:45:00+00:00,1817.4000244140625,1819.4000244140625,1812.300048828125,1816.5,40226.0
2025-12-05 03:45:00+00:00,1819.4000244140625,1821.4000244140625,1816.199951171875,1818.0,9845.0
2025-12-05 04:00:00+00:00,1818.9000244140625,1819.199951171875,1812.4000244140625,1814.300048828125,10254.0
2025-12-05 04:15:00+00:00,1813.0,1814.0,1811.4000244140625,1812.0,5060.0
2025-12-05 04:30:00+00:00,1812.0999755859373,1817.5,1811.199951171875,1815.0999755859373,4752.0
2025-12-05 04:45:00+00:00,1815.0999755859373,1816.300048828125,1812.0,1812.0,1924.0
2025-12-05 05:00:00+00:00,1812.9000244140625,1816.0,1812.0,1814.699951171875,1478.0
2025-12-05 05:15:00+00:00,1814.5,1815.0,1813.5,1814.199951171875,3138.0
2025-12-05 05:30:00+00:00,1814.9000244140625,1815.0,1814.800048828125,1815.0,1721.0
2025-12-05 05:45:00+00:00,1815.0,1816.800048828125,1814.300048828125,1815.0,2876.0
2025-12-05 06:00:00+00:00,1814.9000244140625,1816.0,1814.5999755859373,1816.0,1778.0
2025-12-05 06:15:00+00:00,1815.0,1816.0,1814.0,1814.0,2984.0
2025-12-05 06:30:00+00:00,1814.0,1814.5,1813.800048828125,1814.4000244140625,630.0
2025-12-05 06:45:00+00:00,1814.4000244140625,1815.5,1813.699951171875,1814.800048828125,3103.0
2025-12-05 07:00:00+00:00,1815.5,1815.5,1813.699951171875,1814.0,1325.0
2025-12-05 07:15:00+00:00,1814.0,1815.0,1813.699951171875,1814.800048828125,948.0
2025-12-05 07:30:00+00:00,1815.0,1815.800048828125,1814.5,1814.9000244140625,2165.0
2025-12-05 07:45:00+00:00,1815.0,1816.0,1807.300048828125,1810.0,40648.0
2025-12-05 08:00:00+00:00,1809.0,1809.9000244140625,1803.5,1805.9000244140625,14591.0
2025-12-05 08:15:00+00:00,1806.0,1806.0,1800.199951171875,1801.0999755859375,11906.0
2025-12-05 08:30:00+00:00,1801.0999755859375,1805.5,1801.0,1805.4000244140625,20700.0
2025-12-05 08:45:00+00:00,1805.199951171875,1805.5999755859373,1799.800048828125,1800.0,5209.0
2025-12-05 09:00:00+00:00,1800.0,1800.0,1799.300048828125,1800.0,8009.0
2025-12-05 09:15:00+00:00,1800.0,1800.0,1796.0999755859375,1798.0,16849.0
2025-12-05 09:30:00+00:00,1798.300048828125,1799.300048828125,1795.0999755859375,1795.800048828125,26226.0
2025-12-05 09:45:00+00:00,1795.9000244140625,1801.4000244140625,1795.5999755859375,1799.9000244140625,60851.0
2025-12-08 03:45:00+00:00,1799.0,1810.0,1799.0,1806.199951171875,12020.0
2025-12-08 04:00:00+00:00,1806.0999755859373,1808.0,1803.199951171875,1804.5,8575.0
2025-12-08 04:15:00+00:00,1804.4000244140625,1806.4000244140625,1803.5999755859373,1803.699951171875,1984.0
2025-12-08 04:30:00+00:00,1804.9000244140625,1808.0,1803.5,1807.5,2896.0
2025-12-08 04:45:00+00:00,1807.5,1812.800048828125,1807.0,1809.300048828125,6870.0
2025-12-08 05:00:00+00:00,1809.300048828125,1809.300048828125,1804.0999755859373,1806.5,3924.0
2025-12-08 05:15:00+00:00,1807.0999755859373,1807.5999755859373,1803.0999755859373,1804.5,4264.0
2025-12-08 05:30:00+00:00,1804.0,1804.5,1801.0,1802.5999755859373,6808.0
2025-12-08 05:45:00+00:00,1802.5999755859373,1803.9000244140625,1801.5,1802.699951171875,1650.0
2025-12-08 06:00:00+00:00,1803.9000244140625,1803.9000244140625,1801.5999755859373,1801.5999755859373,2164.0
2025-12-08 06:15:00+00:00,1803.5999755859373,1804.300048828125,1802.0,1802.0,4653.0
2025-12-08 06:30:00+00:00,1802.800048828125,1802.9000244140625,1801.199951171875,1801.199951171875,1363.0
2025-12-08 06:45:00+00:00,1802.699951171875,1802.9000244140625,1798.4000244140625,1800.4000244140625,6578.0
2025-12-08 07:00:00+00:00,1800.5,1802.199951171875,1799.0,1799.9000244140625,1959.0
2025-12-08 07:15:00+00:00,1799.800048828125,1801.0,1795.0,1796.0,9813.0
2025-12-08 07:30:00+00:00,1795.300048828125,1797.0,1793.0,1796.9000244140625,5760.0
2025-12-08 07:45:00+00:00,1797.0,1797.0,1790.5,1792.4000244140625,7516.0
2025-12-08 08:00:00+00:00,1792.4000244140625,1793.800048828125,1788.4000244140625,1792.0,11025.0
2025-12-08 08:15:00+00:00,1792.0,1794.0999755859375,1791.0,1792.800048828125,3095.0
2025-12-08 08:30:00+00:00,1792.800048828125,1797.0,1790.0,1796.9000244140625,4132.0
2025-12-08 08:45:00+00:00,1796.0999755859375,1801.199951171875,1795.0999755859375,1798.800048828125,4589.0
2025-12-08 09:00:00+00:00,1798.9000244140625,1799.5999755859375,1795.5999755859375,1796.5,5039.0
2025-12-08 09:15:00+00:00,1795.5,1798.0,1795.0999755859375,1798.0,6083.0
2025-12-08 09:30:00+00:00,1798.4000244140625,1798.4000244140625,1795.0,1795.4000244140625,11960.0
2025-12-08 09:45:00+00:00,1795.4000244140625,1798.800048828125,1791.699951171875,1795.0,13847.0
2025-12-09 03:45:00+00:00,1795.0,1795.0,1778.0,1779.199951171875,12883.0
2025-12-09 04:00:00+00:00,1779.9000244140625,1779.9000244140625,1771.0,1775.5,12715.0
2025-12-09 04:15:00+00:00,1775.0,1778.199951171875,1773.4000244140625,1777.0,6175.0
2025-12-09 04:30:00+00:00,1777.0,1787.699951171875,1775.699951171875,1786.0,5452.0
2025-12-09 04:45:00+00:00,1786.0,1795.4000244140625,1785.0,1794.0999755859375,14622.0
2025-12-09 05:00:00+00:00,1793.0,1794.0,1784.199951171875,1787.0,3835.0
2025-12-09 05:15:00+00:00,1787.0,1788.0999755859375,1785.0,1787.0,2482.0
2025-12-09 05:30:00+00:00,1788.0999755859375,1792.0,1786.4000244140625,1791.4000244140625,7659.0
2025-12-09 05:45:00+00:00,1791.4000244140625,1792.5999755859375,1784.0999755859375,1787.5,7088.0
2025-12-09 06:00:00+00:00,1788.199951171875,1790.0,1786.0,1786.0,2123.0
2025-12-09 06:15:00+00:00,1786.0,1790.800048828125,1785.199951171875,1789.199951171875,1792.0
2025-12-09 06:30:00+00:00,1788.0,1791.0,1787.0,1787.699951171875,4688.0
2025-12-09 06:45:00+00:00,1788.0,1789.699951171875,1785.5,1787.5,3413.0
2025-12-09 07:00:00+00:00,1787.4000244140625,1787.5999755859375,1782.0999755859375,1784.0999755859375,2674.0
2025-12-09 07:15:00+00:00,1783.0,1786.0,1782.199951171875,1785.4000244140625,2481.0
2025-12-09 07:30:00+00:00,1785.0,1790.5,1783.4000244140625,1784.4000244140625,4608.0
2025-12-09 07:45:00+00:00,1783.5,1785.4000244140625,1783.0,1784.5999755859375,1629.0
2025-12-09 08:00:00+00:00,1784.800048828125,1786.0,1783.0,1784.699951171875,5956.0
2025-12-09 08:15:00+00:00,1784.5999755859375,1785.9000244140625,1783.5,1784.800048828125,4822.0
2025-12-09 08:30:00+00:00,1785.199951171875,1787.0999755859375,1783.9000244140625,1785.0,22501.0
2025-12-09 08:45:00+00:00,1784.9000244140625,1788.199951171875,1784.699951171875,1786.800048828125,5054.0
2025-12-09 09:00:00+00:00,1796.0,1796.0,1785.5999755859375,1787.800048828125,3609.0
2025-12-09 09:15:00+00:00,1788.9000244140625,1788.9000244140625,1784.0,1784.0,6632.0
2025-12-09 09:30:00+00:00,1784.0,1786.0,1784.0,1785.0,9074.0
2025-12-09 09:45:00+00:00,1785.0,1785.699951171875,1784.0,1785.0,12648.0
2025-12-10 03:45:00+00:00,1797.5999755859375,1800.9000244140625,1793.699951171875,1798.0,5588.0
2025-12-10 04:00:00+00:00,1799.5,1800.199951171875,1787.5999755859375,1789.5999755859375,10661.0
2025-12-10 04:15:00+00:00,1787.199951171875,1792.0,1787.199951171875,1791.4000244140625,4439.0
2025-12-10 04:30:00+00:00,1791.300048828125,1792.0,1788.300048828125,1791.5999755859375,4982.0
2025-12-10 04:45:00+00:00,1791.5999755859375,1792.0,1788.5999755859375,1789.5,3469.0
2025-12-10 05:00:00+00:00,1788.5999755859375,1790.699951171875,1787.0,1789.4000244140625,7548.0
2025-12-10 05:15:00+00:00,1789.0999755859375,1789.300048828125,1785.300048828125,1786.0999755859375,4462.0
2025-12-10 05:30:00+00:00,1786.0,1788.5,1786.0,1786.699951171875,1912.0
2025-12-10 05:45:00+00:00,1786.300048828125,1789.0,1786.300048828125,1787.0999755859375,1592.0
2025-12-10 06:00:00+00:00,1787.0999755859375,1789.0,1782.0999755859375,1782.0999755859375,8498.0
2025-12-10 06:15:00+00:00,1782.0999755859375,1784.5,1781.0,1783.5,1508.0
2025-12-10 06:30:00+00:00,1783.5999755859375,1785.0,1783.5999755859375,1784.9000244140625,1554.0
2025-12-10 06:45:00+00:00,1784.0,1784.9000244140625,1784.0,1784.5999755859375,1098.0
2025-12-10 07:00:00+00:00,1784.5999755859375,1784.5999755859375,1781.0,1782.0999755859375,2109.0
2025-12-10 07:15:00+00:00,1782.0,1783.800048828125,1781.9000244140625,1783.0,844.0
2025-12-10 07:30:00+00:00,1783.0,1785.0,1782.800048828125,1783.5,1574.0
2025-12-10 07:45:00+00:00,1783.5,1784.699951171875,1782.0,1782.699951171875,907.0
2025-12-10 08:00:00+00:00,1783.9000244140625,1785.0,1782.199951171875,1783.9000244140625,1850.0
2025-12-10 08:15:00+00:00,1782.5999755859375,1784.0,1781.199951171875,1782.5,1935.0
2025-12-10 08:30:00+00:00,1782.699951171875,1783.0999755859375,1780.0999755859375,1781.300048828125,2722.0
2025-12-10 08:45:00+00:00,1782.199951171875,1785.0,1781.0,1781.199951171875,1993.0
2025-12-10 09:00:00+00:00,1782.300048828125,1783.9000244140625,1781.0999755859375,1782.699951171875,1359.0
2025-12-10 09:15:00+00:00,1782.9000244140625,1783.0,1780.0,1783.0,8520.0
2025-12-10 09:30:00+00:00,1783.0,1783.0,1780.300048828125,1782.0,21429.0
2025-12-10 09:45:00+00:00,1780.300048828125,1785.0,1779.0,1779.5999755859375,32763.0
2025-12-11 03:45:00+00:00,1782.699951171875,1782.9000244140625,1776.9000244140625,1780.0,17666.0
2025-12-11 04:00:00+00:00,1779.9000244140625,1780.5999755859375,1773.0,1775.199951171875,8105.0
2025-12-11 04:15:00+00:00,1775.300048828125,1776.800048828125,1774.199951171875,1774.199951171875,3341.0
2025-12-11 04:30:00+00:00,1773.300048828125,1780.0,1773.300048828125,1779.0,1943.0
2025-12-11 04:45:00+00:00,1779.0999755859375,1780.0,1777.0999755859375,1778.800048828125,1655.0
2025-12-11 05:00:00+00:00,1778.800048828125,1780.0,1777.0999755859375,1779.0999755859375,3285.0
2025-12-11 05:15:00+00:00,1779.300048828125,1780.0,1776.4000244140625,1776.4000244140625,2516.0
2025-12-11 05:30:00+00:00,1777.5999755859375,1778.800048828125,1776.199951171875,1778.5,2013.0
2025-12-11 05:45:00+00:00,1778.5,1779.9000244140625,1777.4000244140625,1779.699951171875,2184.0
2025-12-11 06:00:00+00:00,1778.300048828125,1779.699951171875,1778.300048828125,1778.4000244140625,1450.0
2025-12-11 06:15:00+00:00,1778.800048828125,1780.199951171875,1778.5,1778.5,848.0
2025-12-11 06:30:00+00:00,1778.5,1780.199951171875,1778.5,1780.0999755859375,2221.0
2025-12-11 06:45:00+00:00,1779.0,1780.4000244140625,1778.9000244140625,1778.9000244140625,1343.0
2025-12-11 07:00:00+00:00,1779.0,1780.300048828125,1778.5999755859375,1779.800048828125,6702.0
2025-12-11 07:15:00+00:00,1779.9000244140625,1782.0,1778.300048828125,1780.0,7805.0
2025-12-11 07:30:00+00:00,1779.300048828125,1780.4000244140625,1777.0,1777.800048828125,1623.0
2025-12-11 07:45:00+00:00,1777.800048828125,1779.0999755859375,1777.800048828125,1778.9000244140625,781.0
2025-12-11 08:00:00+00:00,1780.0,1780.199951171875,1777.699951171875,1779.5,3068.0
2025-12-11 08:15:00+00:00,1778.5,1784.0,1778.0,1782.0,18019.0
2025-12-11 08:30:00+00:00,1781.9000244140625,1782.9000244140625,1779.0,1779.0,5682.0
2025-12-11 08:45:00+00:00,1779.9000244140625,1780.300048828125,1778.5,1779.0,2776.0
2025-12-11 09:00:00+00:00,1779.0,1780.300048828125,1778.0,1778.0999755859375,4901.0
2025-12-11 09:15:00+00:00,1778.699951171875,1779.5,1778.0999755859375,1778.199951171875,1889.0
2025-12-11 09:30:00+00:00,1779.4000244140625,1780.199951171875,1778.0,1778.0,20698.0
2025-12-11 09:45:00+00:00,1778.0,1779.0999755859375,1776.0999755859375,1777.0,25137.0
2025-12-12 03:45:00+00:00,1786.0,1791.800048828125,1780.9000244140625,1791.800048828125,10249.0
2025-12-12 04:00:00+00:00,1792.800048828125,1795.0,1790.0999755859375,1793.300048828125,12858.0
2025-12-12 04:15:00+00:00,1792.300048828125,1796.0,1791.300048828125,1794.9000244140625,8166.0
2025-12-12 04:30:00+00:00,1794.9000244140625,1794.9000244140625,1787.699951171875,1791.9000244140625,5389.0
2025-12-12 04:45:00+00:00,1792.0,1793.0,1785.0,1786.9000244140625,7941.0
2025-12-12 05:00:00+00:00,1786.9000244140625,1788.800048828125,1785.9000244140625,1787.4000244140625,1883.0
2025-12-12 05:15:00+00:00,1786.5,1787.4000244140625,1782.0,1784.800048828125,4592.0
2025-12-12 05:30:00+00:00,1784.800048828125,1789.699951171875,1784.0,1787.300048828125,2269.0
2025-12-12 05:45:00+00:00,1788.300048828125,1788.9000244140625,1786.0,1786.5,1199.0
2025-12-12 06:00:00+00:00,1787.800048828125,1788.5999755859375,1784.300048828125,1786.800048828125,3586.0
2025-12-12 06:15:00+00:00,1784.9000244140625,1788.0,1784.800048828125,1787.199951171875,1780.0
2025-12-12 06:30:00+00:00,1788.0,1788.4000244140625,1785.0,1785.4000244140625,1118.0
2025-12-12 06:45:00+00:00,1785.300048828125,1786.5,1784.0,1785.0,2259.0
2025-12-12 07:00:00+00:00,1785.199951171875,1785.5,1783.5,1783.800048828125,1576.0
2025-12-12 07:15:00+00:00,1784.0,1784.5,1776.0,1779.0,10408.0
2025-12-12 07:30:00+00:00,1778.4000244140625,1780.0999755859375,1778.4000244140625,1780.0,4608.0
2025-12-12 07:45:00+00:00,1780.0,1780.0,1774.0999755859375,1778.800048828125,16295.0
2025-12-12 08:00:00+00:00,1778.9000244140625,1780.5,1777.0,1778.0,5142.0
2025-12-12 08:15:00+00:00,1778.0,1779.0,1777.0,1777.0,2853.0
2025-12-12 08:30:00+00:00,1777.800048828125,1781.5999755859375,1777.0,1780.9000244140625,7688.0
2025-12-12 08:45:00+00:00,1781.0,1781.5,1774.699951171875,1776.199951171875,6668.0
2025-12-12 09:00:00+00:00,1776.300048828125,1777.0,1771.5999755859375,1772.5,25113.0
2025-12-12 09:15:00+00:00,1773.300048828125,1773.699951171875,1770.4000244140625,1772.0,17980.0
2025-12-12 09:30:00+00:00,1772.699951171875,1773.0999755859375,1770.9000244140625,1771.9000244140625,26356.0
2025-12-12 09:45:00+00:00,1772.0,1772.0,1770.5,1771.0,43113.0
2025-12-15 03:45:00+00:00,1774.0,1782.9000244140625,1773.0999755859375,1782.9000244140625,11057.0
2025-12-15 04:00:00+00:00,1784.4000244140625,1786.300048828125,1781.5,1783.5999755859375,16068.0
2025-12-15 04:15:00+00:00,1783.5999755859375,1784.0999755859375,1781.4000244140625,1783.0,2644.0
2025-12-15 04:30:00+00:00,1783.0,1789.0,1783.0,1785.4000244140625,7369.0
2025-12-15 04:45:00+00:00,1785.4000244140625,1786.699951171875,1783.4000244140625,1783.4000244140625,1984.0
2025-12-15 05:00:00+00:00,1784.800048828125,1784.800048828125,1781.0,1782.5,2673.0
2025-12-15 05:15:00+00:00,1782.4000244140625,1782.5,1777.0999755859375,1779.199951171875,5818.0
2025-12-15 05:30:00+00:00,1780.5,1781.199951171875,1777.4000244140625,1779.0999755859375,3987.0
2025-12-15 05:45:00+00:00,1779.0999755859375,1779.199951171875,1772.800048828125,1776.0,6562.0
2025-12-15 06:00:00+00:00,1776.0,1776.0,1770.0999755859375,1774.0,8967.0
2025-12-15 06:15:00+00:00,1772.5,1777.0,1772.5,1776.0,5442.0
2025-12-15 06:30:00+00:00,1776.0,1778.0,1775.0,1775.0,1688.0
2025-12-15 06:45:00+00:00,1775.0999755859375,1776.5999755859375,1774.0,1775.199951171875,2120.0
2025-12-15 07:00:00+00:00,1775.0,1775.199951171875,1773.0,1775.199951171875,1791.0
2025-12-15 07:15:00+00:00,1774.0,1775.199951171875,1773.0,1773.300048828125,1401.0
2025-12-15 07:30:00+00:00,1773.4000244140625,1775.0,1773.199951171875,1773.199951171875,1234.0
2025-12-15 07:45:00+00:00,1774.0,1775.0999755859375,1773.9000244140625,1775.0,2524.0
2025-12-15 08:00:00+00:00,1775.0,1778.0,1774.0,1776.699951171875,1868.0
2025-12-15 08:15:00+00:00,1778.0,1779.0,1776.4000244140625,1778.800048828125,2951.0
2025-12-15 08:30:00+00:00,1777.5999755859375,1779.0999755859375,1776.0999755859375,1777.800048828125,2927.0
2025-12-15 08:45:00+00:00,1777.800048828125,1777.800048828125,1776.0,1777.0,2415.0
2025-12-15 09:00:00+00:00,1777.0,1777.0,1775.699951171875,1776.9000244140625,3783.0
2025-12-15 09:15:00+00:00,1776.9000244140625,1778.0,1775.199951171875,1775.9000244140625,3559.0
2025-12-15 09:30:00+00:00,1776.0,1778.300048828125,1773.9000244140625,1778.0,13413.0
2025-12-15 09:45:00+00:00,1778.199951171875,1780.800048828125,1776.0,1777.5999755859375,11623.0
2025-12-16 03:45:00+00:00,1783.0,1783.0,1767.5999755859375,1770.0,10436.0
2025-12-16 04:00:00+00:00,1770.0,1776.0999755859375,1769.0,1773.5,7190.0
2025-12-16 04:15:00+00:00,1773.5,1776.699951171875,1771.699951171875,1771.699951171875,3796.0
2025-12-16 04:30:00+00:00,1772.0,1775.5999755859375,1772.0,1773.9000244140625,2659.0
2025-12-16 04:45:00+00:00,1774.699951171875,1775.699951171875,1773.0,1773.0,3937.0
2025-12-16 05:00:00+00:00,1774.4000244140625,1775.0999755859375,1772.0,1773.800048828125,3635.0
2025-12-16 05:15:00+00:00,1773.800048828125,1775.0,1772.199951171875,1774.300048828125,1256.0
2025-12-16 05:30:00+00:00,1775.0,1775.0,1772.5,1773.9000244140625,1567.0
2025-12-16 05:45:00+00:00,1773.9000244140625,1774.0,1768.0999755859375,1769.0,9859.0
2025-12-16 06:00:00+00:00,1769.0,1770.0,1768.0,1768.9000244140625,7609.0
2025-12-16 06:15:00+00:00,1769.5999755859375,1771.5999755859375,1768.0999755859375,1770.0,2657.0
2025-12-16 06:30:00+00:00,1770.0,1770.0999755859375,1768.800048828125,1769.800048828125,2860.0
2025-12-16 06:45:00+00:00,1769.800048828125,1770.199951171875,1769.0,1770.0,1040.0
2025-12-16 07:00:00+00:00,1770.0,1770.5,1769.300048828125,1769.5999755859375,1862.0
2025-12-16 07:15:00+00:00,1770.4000244140625,1770.800048828125,1769.0999755859375,1770.0,1647.0
2025-12-16 07:30:00+00:00,1770.0,1771.4000244140625,1769.5,1770.699951171875,2625.0
2025-12-16 07:45:00+00:00,1770.0999755859375,1771.699951171875,1769.5,1770.5,1364.0
2025-12-16 08:00:00+00:00,1770.5,1773.0,1770.5,1771.800048828125,890.0
2025-12-16 08:15:00+00:00,1771.800048828125,1773.0,1771.699951171875,1772.699951171875,1910.0
2025-12-16 08:30:00+00:00,1772.300048828125,1774.0,1771.800048828125,1773.0,2287.0
2025-12-16 08:45:00+00:00,1773.0,1773.4000244140625,1770.699951171875,1771.9000244140625,1253.0
2025-12-16 09:00:00+00:00,1771.9000244140625,1772.0,1770.199951171875,1772.0,2305.0
2025-12-16 09:15:00+00:00,1771.800048828125,1773.9000244140625,1771.699951171875,1773.0,4153.0
2025-12-16 09:30:00+00:00,1773.0,1773.5999755859375,1771.0,1771.800048828125,8686.0
2025-12-16 09:45:00+00:00,1771.9000244140625,1772.300048828125,1769.300048828125,1770.0,12797.0
2025-12-17 03:45:00+00:00,1770.199951171875,1773.5999755859375,1768.5,1770.0,3648.0
2025-12-17 04:00:00+00:00,1770.0,1772.800048828125,1768.0,1769.0,6331.0
2025-12-17 04:15:00+00:00,1768.699951171875,1771.4000244140625,1768.300048828125,1769.5,4570.0
2025-12-17 04:30:00+00:00,1769.5,1770.5,1767.0,1768.699951171875,4450.0
2025-12-17 04:45:00+00:00,1767.5,1771.0,1767.4000244140625,1769.4000244140625,1918.0
2025-12-17 05:00:00+00:00,1769.0,1771.0,1768.5,1769.0999755859375,1012.0
2025-12-17 05:15:00+00:00,1769.0999755859375,1770.5999755859375,1768.0,1768.0999755859375,1254.0
2025-12-17 05:30:00+00:00,1768.5,1770.5999755859375,1768.5,1769.300048828125,2567.0
2025-12-17 05:45:00+00:00,1770.5,1771.0,1769.199951171875,1769.300048828125,828.0
2025-12-17 06:00:00+00:00,1770.0,1770.0,1768.199951171875,1769.5,1112.0
2025-12-17 06:15:00+00:00,1769.5,1770.9000244140625,1768.5999755859375,1768.800048828125,987.0
2025-12-17 06:30:00+00:00,1768.800048828125,1770.0999755859375,1768.699951171875,1768.699951171875,753.0
2025-12-17 06:45:00+00:00,1769.800048828125,1769.800048828125,1761.199951171875,1761.300048828125,19853.0
2025-12-17 07:00:00+00:00,1761.300048828125,1762.9000244140625,1759.0,1759.699951171875,9664.0
2025-12-17 07:15:00+00:00,1759.699951171875,1760.199951171875,1758.0,1758.4000244140625,9420.0
2025-12-17 07:30:00+00:00,1759.300048828125,1759.800048828125,1757.300048828125,1759.5999755859375,1477.0
2025-12-17 07:45:00+00:00,1759.0,1760.0,1757.0999755859375,1759.4000244140625,1314.0
2025-12-17 08:00:00+00:00,1759.4000244140625,1759.9000244140625,1757.0999755859375,1757.5,1696.0
2025-12-17 08:15:00+00:00,1757.5,1758.4000244140625,1757.0999755859375,1758.0999755859375,780.0
2025-12-17 08:30:00+00:00,1758.800048828125,1760.0,1758.199951171875,1760.0,744.0
2025-12-17 08:45:00+00:00,1760.0,1761.0,1759.0,1760.0,1818.0
2025-12-17 09:00:00+00:00,1760.0,1760.0,1758.0,1759.9000244140625,3132.0
2025-12-17 09:15:00+00:00,1759.0,1761.0,1758.5,1759.0999755859375,2014.0
2025-12-17 09:30:00+00:00,1760.0,1766.699951171875,1759.0,1759.300048828125,16091.0
2025-12-17 09:45:00+00:00,1759.9000244140625,1760.0,1755.0999755859375,1760.0,18528.0
2025-12-18 03:45:00+00:00,1757.4000244140625,1760.699951171875,1756.0,1758.0,8277.0
2025-12-18 04:00:00+00:00,1759.0,1759.0999755859375,1753.4000244140625,1754.0,7549.0
2025-12-18 04:15:00+00:00,1754.9000244140625,1755.0,1752.0,1752.0999755859375,2945.0
2025-12-18 04:30:00+00:00,1752.199951171875,1754.9000244140625,1751.0999755859375,1754.9000244140625,5491.0
2025-12-18 04:45:00+00:00,1754.699951171875,1758.5999755859375,1753.0999755859375,1754.0,4078.0
2025-12-18 05:00:00+00:00,1755.199951171875,1755.5999755859375,1753.5999755859375,1755.0,1553.0
2025-12-18 05:15:00+00:00,1755.0,1755.5,1754.0,1755.0,1948.0
2025-12-18 05:30:00+00:00,1755.0,1755.800048828125,1754.0999755859375,1755.300048828125,966.0
2025-12-18 05:45:00+00:00,1755.0,1759.5,1754.0,1756.0,3625.0
2025-12-18 06:00:00+00:00,1756.0,1757.4000244140625,1755.9000244140625,1756.0999755859375,967.0
2025-12-18 06:15:00+00:00,1756.0,1757.0,1755.0,1757.0,1047.0
2025-12-18 06:30:00+00:00,1757.0,1757.0999755859375,1755.5,1756.5999755859375,907.0
2025-12-18 06:45:00+00:00,1756.199951171875,1757.699951171875,1755.5999755859375,1755.699951171875,1575.0
2025-12-18 07:00:00+00:00,1755.699951171875,1757.0,1755.699951171875,1756.5,845.0
2025-12-18 07:15:00+00:00,1756.5,1756.5999755859375,1756.0,1756.0,610.0
2025-12-18 07:30:00+00:00,1756.0,1756.0,1755.5,1755.699951171875,825.0
2025-12-18 07:45:00+00:00,1755.699951171875,1757.0,1755.5,1756.0,1340.0
2025-12-18 08:00:00+00:00,1756.9000244140625,1756.9000244140625,1753.800048828125,1755.699951171875,2783.0
2025-12-18 08:15:00+00:00,1754.300048828125,1755.5,1754.0999755859375,1754.0999755859375,967.0
2025-12-18 08:30:00+00:00,1755.5,1755.5,1753.0,1755.0,1755.0
2025-12-18 08:45:00+00:00,1754.9000244140625,1756.5,1752.5999755859375,1753.699951171875,2291.0
2025-12-18 09:00:00+00:00,1753.699951171875,1756.5,1753.699951171875,1754.199951171875,2732.0
2025-12-18 09:15:00+00:00,1755.0,1757.0,1754.300048828125,1755.0,4695.0
2025-12-18 09:30:00+00:00,1755.0,1757.300048828125,1754.0,1756.4000244140625,16271.0
2025-12-18 09:45:00+00:00,1757.0,1758.0,1752.0,1754.9000244140625,14989.0
2025-12-19 03:45:00+00:00,1763.9000244140625,1763.9000244140625,1754.699951171875,1760.0,4677.0
2025-12-19 04:00:00+00:00,1760.0,1769.4000244140625,1758.5,1760.800048828125,8887.0
2025-12-19 04:15:00+00:00,1759.9000244140625,1762.800048828125,1758.300048828125,1761.699951171875,5417.0
2025-12-19 04:30:00+00:00,1761.699951171875,1762.4000244140625,1756.0,1760.0999755859375,3827.0
2025-12-19 04:45:00+00:00,1759.300048828125,1759.9000244140625,1755.0999755859375,1759.300048828125,5866.0
2025-12-19 05:00:00+00:00,1759.4000244140625,1759.4000244140625,1755.0,1756.199951171875,3744.0
2025-12-19 05:15:00+00:00,1756.199951171875,1757.300048828125,1754.0,1756.0999755859375,2230.0
2025-12-19 05:30:00+00:00,1756.0999755859375,1757.0,1756.0,1756.0999755859375,1835.0
2025-12-19 05:45:00+00:00,1756.0999755859375,1759.0,1756.0999755859375,1757.0999755859375,962.0
2025-12-19 06:00:00+00:00,1757.199951171875,1757.199951171875,1754.0,1754.9000244140625,6016.0
2025-12-19 06:15:00+00:00,1754.9000244140625,1756.699951171875,1753.0999755859375,1755.800048828125,4971.0
2025-12-19 06:30:00+00:00,1755.699951171875,1755.699951171875,1754.199951171875,1755.0,2343.0
2025-12-19 06:45:00+00:00,1755.0,1755.5,1754.0,1755.199951171875,720.0
2025-12-19 07:00:00+00:00,1755.199951171875,1756.199951171875,1755.0,1756.0999755859375,542.0
2025-12-19 07:15:00+00:00,1755.800048828125,1758.0999755859375,1754.0,1758.0999755859375,1293.0
2025-12-19 07:30:00+00:00,1756.9000244140625,1760.0,1756.5,1757.0,2357.0
2025-12-19 07:45:00+00:00,1758.0999755859375,1760.300048828125,1758.0999755859375,1760.300048828125,2169.0
2025-12-19 08:00:00+00:00,1759.9000244140625,1763.300048828125,1759.199951171875,1760.5,2408.0
2025-12-19 08:15:00+00:00,1761.0,1765.0,1760.699951171875,1764.300048828125,3159.0
2025-12-19 08:30:00+00:00,1764.0,1767.699951171875,1763.5999755859375,1766.0999755859375,2641.0
2025-12-19 08:45:00+00:00,1766.0999755859375,1768.5,1764.300048828125,1766.199951171875,4233.0
2025-12-19 09:00:00+00:00,1766.0999755859375,1767.5999755859375,1766.0999755859375,1766.9000244140625,7699.0
2025-12-19 09:15:00+00:00,1767.0,1768.699951171875,1766.0999755859375,1767.0999755859375,7291.0
2025-12-19 09:30:00+00:00,1764.300048828125,1764.300048828125,1747.0999755859375,1753.800048828125,69657.0
2025-12-19 09:45:00+00:00,1753.699951171875,1754.300048828125,1750.0999755859375,1754.199951171875,58918.0
2025-12-22 03:45:00+00:00,1760.0,1767.800048828125,1760.0,1765.800048828125,4898.0
2025-12-22 04:00:00+00:00,1764.5,1767.800048828125,1764.0999755859375,1765.0,8570.0
2025-12-22 04:15:00+00:00,1765.0,1766.0,1763.300048828125,1765.199951171875,4193.0
2025-12-22 04:30:00+00:00,1764.199951171875,1767.0,1764.0,1765.699951171875,2589.0
2025-12-22 04:45:00+00:00,1765.699951171875,1769.800048828125,1765.0,1769.4000244140625,3103.0
2025-12-22 05:00:00+00:00,1769.4000244140625,1769.4000244140625,1767.199951171875,1768.9000244140625,2744.0
2025-12-22 05:15:00+00:00,1768.0,1772.0,1767.5,1771.5,3360.0
2025-12-22 05:30:00+00:00,1771.5,1772.0,1769.0,1769.0,4525.0
2025-12-22 05:45:00+00:00,1769.0,1769.0,1764.4000244140625,1767.4000244140625,4318.0
2025-12-22 06:00:00+00:00,1766.0,1768.800048828125,1765.199951171875,1767.4000244140625,670.0
2025-12-22 06:15:00+00:00,1767.4000244140625,1771.0,1766.699951171875,1770.0,2541.0
2025-12-22 06:30:00+00:00,1770.0,1776.0,1769.5999755859375,1775.699951171875,4730.0
2025-12-22 06:45:00+00:00,1774.5,1775.9000244140625,1771.800048828125,1772.0999755859375,3402.0
2025-12-22 07:00:00+00:00,1772.0,1773.4000244140625,1770.0,1770.0,1180.0
2025-12-22 07:15:00+00:00,1770.0999755859375,1771.800048828125,1767.5,1767.5,1414.0
2025-12-22 07:30:00+00:00,1766.699951171875,1769.0,1766.699951171875,1768.9000244140625,2364.0
2025-12-22 07:45:00+00:00,1768.800048828125,1769.5999755859375,1767.0,1768.5,697.0
2025-12-22 08:00:00+00:00,1769.5999755859375,1770.5,1767.199951171875,1769.0,881.0
2025-12-22 08:15:00+00:00,1769.0,1769.0,1767.699951171875,1768.9000244140625,844.0
2025-12-22 08:30:00+00:00,1768.9000244140625,1769.0,1764.0,1765.0,5183.0
2025-12-22 08:45:00+00:00,1765.0,1767.0,1763.5,1767.0,3029.0
2025-12-22 09:00:00+00:00,1767.0,1769.9000244140625,1766.699951171875,1768.199951171875,3581.0
2025-12-22 09:15:00+00:00,1768.0999755859375,1774.0,1766.699951171875,1772.9000244140625,4293.0
2025-12-22 09:30:00+00:00,1773.699951171875,1789.199951171875,1773.699951171875,1787.4000244140625,32284.0
2025-12-22 09:45:00+00:00,1785.5,1789.0,1773.800048828125,1782.5,23381.0
2025-12-23 03:45:00+00:00,1789.9000244140625,1794.9000244140625,1752.199951171875,1756.5,105433.0
2025-12-23 04:00:00+00:00,1757.5999755859375,1766.9000244140625,1746.0,1760.0,133294.0
2025-12-23 04:15:00+00:00,1760.699951171875,1764.300048828125,1757.699951171875,1761.699951171875,54050.0
2025-12-23 04:30:00+00:00,1761.5999755859375,1763.0,1757.5999755859375,1761.9000244140625,82563.0
2025-12-23 04:45:00+00:00,1761.9000244140625,1768.4000244140625,1759.9000244140625,1765.4000244140625,35215.0
2025-12-23 05:00:00+00:00,1764.199951171875,1770.300048828125,1764.0999755859375,1770.0,26580.0
2025-12-23 05:15:00+00:00,1770.0,1777.4000244140625,1765.5,1767.300048828125,31278.0
2025-12-23 05:30:00+00:00,1767.300048828125,1769.699951171875,1763.0999755859375,1763.0999755859375,17523.0
2025-12-23 05:45:00+00:00,1763.199951171875,1767.0,1762.5,1762.5999755859375,8358.0
2025-12-23 06:00:00+00:00,1762.699951171875,1764.199951171875,1759.0,1762.0,24919.0
2025-12-23 06:15:00+00:00,1761.0999755859375,1762.0,1759.0,1761.0,9428.0
2025-12-23 06:30:00+00:00,1761.800048828125,1765.9000244140625,1761.0,1764.9000244140625,8581.0
2025-12-23 06:45:00+00:00,1764.9000244140625,1765.0,1762.699951171875,1763.0999755859375,4737.0
2025-12-23 07:00:00+00:00,1764.300048828125,1764.5999755859375,1763.0,1763.300048828125,3132.0
2025-12-23 07:15:00+00:00,1763.199951171875,1764.0,1762.0,1763.0,7208.0
2025-12-23 07:30:00+00:00,1762.0999755859375,1763.5999755859375,1760.800048828125,1760.800048828125,5515.0
2025-12-23 07:45:00+00:00,1760.800048828125,1761.0,1758.0999755859375,1758.0999755859375,13936.0
2025-12-23 08:00:00+00:00,1757.800048828125,1758.9000244140625,1756.0999755859375,1758.5,10931.0
2025-12-23 08:15:00+00:00,1758.5,1759.0,1757.5,1758.4000244140625,6170.0
2025-12-23 08:30:00+00:00,1757.5,1758.5999755859375,1755.800048828125,1757.0999755859375,6606.0
2025-12-23 08:45:00+00:00,1757.0999755859375,1758.9000244140625,1756.300048828125,1758.5,7055.0
2025-12-23 09:00:00+00:00,1758.4000244140625,1758.4000244140625,1755.5999755859375,1757.699951171875,13526.0
2025-12-23 09:15:00+00:00,1757.699951171875,1759.0,1756.0,1758.9000244140625,40263.0
2025-12-23 09:30:00+00:00,1759.0,1759.0,1755.0,1755.0,33700.0
2025-12-23 09:45:00+00:00,1755.0,1755.300048828125,1750.5999755859375,1751.0,51499.0
2025-12-24 03:45:00+00:00,1759.300048828125,1759.5999755859375,1748.0,1756.4000244140625,38624.0
2025-12-24 04:00:00+00:00,1755.5,1756.9000244140625,1747.5999755859375,1749.800048828125,24440.0
2025-12-24 04:15:00+00:00,1749.0,1750.0,1747.0,1747.5999755859375,13944.0
2025-12-24 04:30:00+00:00,1747.199951171875,1748.699951171875,1743.0999755859375,1744.9000244140625,25253.0
2025-12-24 04:45:00+00:00,1745.4000244140625,1747.9000244140625,1742.5999755859375,1744.0,65109.0
2025-12-24 05:00:00+00:00,1744.0,1745.0,1743.699951171875,1744.0999755859375,7616.0
2025-12-24 05:15:00+00:00,1744.0999755859375,1744.9000244140625,1742.699951171875,1743.9000244140625,7131.0
2025-12-24 05:30:00+00:00,1744.199951171875,1744.5,1743.199951171875,1744.0,4529.0
2025-12-24 05:45:00+00:00,1744.0,1745.0,1744.0,1744.5,4595.0
2025-12-24 06:00:00+00:00,1744.5,1745.0,1743.0,1743.800048828125,12327.0
2025-12-24 06:15:00+00:00,1743.5,1744.0,1741.699951171875,1742.5999755859375,5245.0
2025-12-24 06:30:00+00:00,1742.800048828125,1744.0,1742.0999755859375,1744.0,3253.0
2025-12-24 06:45:00+00:00,1743.9000244140625,1744.4000244140625,1742.5,1744.0,2928.0
2025-12-24 07:00:00+00:00,1744.0,1744.0,1743.0,1743.0,2136.0
2025-12-24 07:15:00+00:00,1743.5,1743.800048828125,1739.0,1740.0,34321.0
2025-12-24 07:30:00+00:00,1740.0,1740.0,1738.5999755859375,1739.0,8032.0
2025-12-24 07:45:00+00:00,1739.5,1739.9000244140625,1738.5,1739.0,2749.0
2025-12-24 08:00:00+00:00,1739.0,1739.800048828125,1738.199951171875,1739.699951171875,4369.0
2025-12-24 08:15:00+00:00,1739.800048828125,1739.9000244140625,1735.699951171875,1738.9000244140625,15286.0
2025-12-24 08:30:00+00:00,1739.0,1740.0,1735.5,1736.4000244140625,26261.0
2025-12-24 08:45:00+00:00,1736.4000244140625,1738.0,1735.0,1737.5,8047.0
2025-12-24 09:00:00+00:00,1737.300048828125,1739.5,1736.800048828125,1738.5,12435.0
