Datetime,Close,High,Low,Open,Volume
2025-11-17 03:45:00+00:00,25964.55078125,25975.5,25906.599609375,25940.599609375,0
2025-11-17 04:00:00+00:00,25971.400390625,25978.900390625,25958.05078125,25966.44921875,0
2025-11-17 04:15:00+00:00,25965.19921875,25979.5,25949.0,25971.400390625,0
2025-11-17 04:30:00+00:00,25949.30078125,25969.599609375,25944.30078125,25966.0,0
2025-11-17 04:45:00+00:00,25939.349609375,25971.349609375,25935.75,25949.44921875,0
2025-11-17 05:00:00+00:00,25936.0,25950.900390625,25924.75,25939.94921875,0
2025-11-17 05:15:00+00:00,25943.19921875,25945.599609375,25929.30078125,25936.05078125,0
2025-11-17 05:30:00+00:00,25946.19921875,25954.19921875,25934.94921875,25942.44921875,0
2025-11-17 05:45:00+00:00,25928.0,25950.55078125,25920.900390625,25946.80078125,0
2025-11-17 06:00:00+00:00,25943.150390625,25943.349609375,25915.099609375,25928.25,0
2025-11-17 06:15:00+00:00,25965.30078125,25971.0,25933.69921875,25943.5,0
2025-11-17 06:30:00+00:00,25967.650390625,25973.80078125,25949.25,25964.80078125,0
2025-11-17 06:45:00+00:00,25967.599609375,25976.69921875,25966.94921875,25968.5,0
2025-11-17 07:00:00+00:00,25987.19921875,25990.55078125,25962.69921875,25968.900390625,0
2025-11-17 07:15:00+00:00,25994.099609375,25996.19921875,25979.30078125,25986.849609375,0
2025-11-17 07:30:00+00:00,25980.94921875,25996.0,25972.80078125,25994.900390625,0
2025-11-17 07:45:00+00:00,25975.75,25983.5,25969.30078125,25980.349609375,0
2025-11-17 08:00:00+00:00,25993.5,25996.900390625,25965.650390625,25976.75,0
2025-11-17 08:15:00+00:00,25997.349609375,26002.94921875,25987.849609375,25993.69921875,0
2025-11-17 08:30:00+00:00,26010.5,26022.94921875,25997.099609375,25997.400390625,0
2025-11-17 08:45:00+00:00,25994.44921875,26013.25,25980.0,26011.19921875,0
2025-11-17 09:00:00+00:00,25981.150390625,26008.599609375,25980.0,25994.44921875,0
2025-11-17 09:15:00+00:00,25993.94921875,25998.849609375,25977.19921875,25981.400390625,0
2025-11-17 09:30:00+00:00,26012.400390625,26014.94921875,25990.0,25996.5,0
2025-11-17 09:45:00+00:00,26014.30078125,26023.650390625,26009.349609375,26013.150390625,0
2025-11-18 03:45:00+00:00,25963.0,26023.599609375,25930.5,26023.599609375,0
2025-11-18 04:00:00+00:00,25952.05078125,25971.75,25938.94921875,25963.19921875,0
2025-11-18 04:15:00+00:00,25896.19921875,25959.05078125,25896.19921875,25949.150390625,0
2025-11-18 04:30:00+00:00,25895.849609375,25914.599609375,25882.30078125,25895.849609375,0
2025-11-18 04:45:00+00:00,25898.80078125,25917.650390625,25893.44921875,25895.25,0
2025-11-18 05:00:00+00:00,25891.80078125,25902.849609375,25877.25,25898.69921875,0
2025-11-18 05:15:00+00:00,25921.900390625,25930.849609375,25886.650390625,25891.94921875,0
2025-11-18 05:30:00+00:00,25933.900390625,25936.19921875,25921.55078125,25922.55078125,0
2025-11-18 05:45:00+00:00,25924.849609375,25949.400390625,25924.849609375,25932.599609375,0
2025-11-18 06:00:00+00:00,25956.349609375,25956.650390625,25924.19921875,25925.0,0
2025-11-18 06:15:00+00:00,25974.349609375,25983.19921875,25955.150390625,25956.69921875,0
2025-11-18 06:30:00+00:00,25962.5,25981.400390625,25962.44921875,25974.30078125,0
2025-11-18 06:45:00+00:00,25953.0,25964.25,25939.849609375,25962.5,0
2025-11-18 07:00:00+00:00,25940.94921875,25959.19921875,25930.80078125,25953.099609375,0
2025-11-18 07:15:00+00:00,25943.400390625,25956.19921875,25927.599609375,25940.80078125,0
2025-11-18 07:30:00+00:00,25953.5,25965.19921875,25943.55078125,25943.55078125,0
2025-11-18 07:45:00+00:00,25969.599609375,25976.69921875,25952.94921875,25952.94921875,0
2025-11-18 08:00:00+00:00,25978.400390625,25987.80078125,25957.650390625,25969.650390625,0
2025-11-18 08:15:00+00:00,25970.55078125,25983.900390625,25964.69921875,25978.5,0
2025-11-18 08:30:00+00:00,25988.69921875,25997.150390625,25969.94921875,25970.94921875,0
2025-11-18 08:45:00+00:00,25966.5,25994.94921875,25964.5,25988.44921875,0
2025-11-18 09:00:00+00:00,25955.05078125,25973.69921875,25952.599609375,25966.25,0
2025-11-18 09:15:00+00:00,25942.400390625,25960.05078125,25937.19921875,25955.25,0
2025-11-18 09:30:00+00:00,25897.75,25946.599609375,25897.349609375,25942.44921875,0
2025-11-18 09:45:00+00:00,25894.69921875,25909.05078125,25876.75,25896.94921875,0
2025-11-19 03:45:00+00:00,25904.5,25929.849609375,25856.69921875,25929.849609375,0
2025-11-19 04:00:00+00:00,25909.30078125,25916.150390625,25884.599609375,25903.650390625,0
2025-11-19 04:15:00+00:00,25920.349609375,25924.05078125,25883.80078125,25909.80078125,0
2025-11-19 04:30:00+00:00,25952.099609375,25954.5,25913.19921875,25920.150390625,0
2025-11-19 04:45:00+00:00,25957.849609375,25971.0,25951.44921875,25952.30078125,0
2025-11-19 05:00:00+00:00,25963.099609375,25978.900390625,25957.349609375,25957.55078125,0
2025-11-19 05:15:00+00:00,25952.099609375,25969.75,25946.400390625,25962.69921875,0
2025-11-19 05:30:00+00:00,25927.0,25955.849609375,25925.599609375,25951.80078125,0
2025-11-19 05:45:00+00:00,25948.30078125,25952.25,25917.80078125,25927.19921875,0
2025-11-19 06:00:00+00:00,25968.900390625,25972.099609375,25947.849609375,25948.75,0
2025-11-19 06:15:00+00:00,25974.25,25976.849609375,25968.80078125,25969.25,0
2025-11-19 06:30:00+00:00,25993.30078125,25999.75,25974.05078125,25974.25,0
2025-11-19 06:45:00+00:00,26013.30078125,26016.75,25993.5,25993.5,0
2025-11-19 07:00:00+00:00,26017.599609375,26031.05078125,26012.25,26013.0,0
2025-11-19 07:15:00+00:00,26017.400390625,26031.44921875,26012.30078125,26016.25,0
2025-11-19 07:30:00+00:00,26027.900390625,26038.599609375,26016.400390625,26016.94921875,0
2025-11-19 07:45:00+00:00,26002.400390625,26029.80078125,26001.94921875,26029.0,0
2025-11-19 08:00:00+00:00,26004.55078125,26012.25,25987.30078125,26002.69921875,0
2025-11-19 08:15:00+00:00,26006.849609375,26017.75,26000.5,26004.75,0
2025-11-19 08:30:00+00:00,26033.0,26034.0,25993.400390625,26007.25,0
2025-11-19 08:45:00+00:00,26045.150390625,26048.599609375,26032.55078125,26033.099609375,0
2025-11-19 09:00:00+00:00,26061.5,26074.55078125,26040.650390625,26045.849609375,0
2025-11-19 09:15:00+00:00,26054.849609375,26066.30078125,26052.55078125,26062.650390625,0
2025-11-19 09:30:00+00:00,26059.099609375,26063.5,26046.849609375,26055.849609375,0
2025-11-19 09:45:00+00:00,26052.69921875,26059.650390625,26041.150390625,26059.25,0
2025-11-20 03:45:00+00:00,26104.94921875,26128.69921875,26081.099609375,26128.69921875,0
2025-11-20 04:00:00+00:00,26077.94921875,26111.900390625,26064.05078125,26103.69921875,0
2025-11-20 04:15:00+00:00,26077.19921875,26095.55078125,26068.19921875,26077.5,0
2025-11-20 04:30:00+00:00,26099.650390625,26105.900390625,26076.150390625,26076.94921875,0
2025-11-20 04:45:00+00:00,26113.75,26115.25,26097.400390625,26100.69921875,0
2025-11-20 05:00:00+00:00,26128.400390625,26130.849609375,26112.75,26114.0,0
2025-11-20 05:15:00+00:00,26130.55078125,26144.849609375,26124.099609375,26128.25,0
2025-11-20 05:30:00+00:00,26133.099609375,26141.30078125,26126.05078125,26129.849609375,0
2025-11-20 05:45:00+00:00,26136.599609375,26140.30078125,26126.849609375,26133.400390625,0
2025-11-20 06:00:00+00:00,26145.75,26148.5,26133.150390625,26136.69921875,0
2025-11-20 06:15:00+00:00,26143.5,26146.44921875,26125.849609375,26145.75,0
2025-11-20 06:30:00+00:00,26146.05078125,26152.599609375,26140.150390625,26143.75,0
2025-11-20 06:45:00+00:00,26160.0,26162.099609375,26135.349609375,26146.150390625,0
2025-11-20 07:00:00+00:00,26170.349609375,26174.25,26158.19921875,26160.05078125,0
2025-11-20 07:15:00+00:00,26172.150390625,26177.099609375,26167.599609375,26170.05078125,0
2025-11-20 07:30:00+00:00,26177.80078125,26184.69921875,26171.0,26172.69921875,0
2025-11-20 07:45:00+00:00,26203.25,26204.05078125,26172.900390625,26177.099609375,0
2025-11-20 08:00:00+00:00,26206.099609375,26215.150390625,26198.80078125,26203.19921875,0
2025-11-20 08:15:00+00:00,26218.900390625,26227.650390625,26200.849609375,26206.150390625,0
2025-11-20 08:30:00+00:00,26224.650390625,26227.80078125,26211.75,26218.55078125,0
2025-11-20 08:45:00+00:00,26200.55078125,26246.19921875,26198.80078125,26224.25,0
2025-11-20 09:00:00+00:00,26195.30078125,26225.05078125,26195.30078125,26200.25,0
2025-11-20 09:15:00+00:00,26208.349609375,26220.849609375,26191.0,26195.05078125,0
2025-11-20 09:30:00+00:00,26203.19921875,26217.849609375,26169.599609375,26209.900390625,0
2025-11-20 09:45:00+00:00,26197.400390625,26205.25,26187.30078125,26204.599609375,0
2025-11-21 03:45:00+00:00,26158.19921875,26169.25,26096.5,26121.19921875,0
2025-11-21 04:00:00+00:00,26131.30078125,26173.69921875,26129.150390625,26158.55078125,0
2025-11-21 04:15:00+00:00,26119.400390625,26130.150390625,26093.44921875,26129.900390625,0
2025-11-21 04:30:00+00:00,26087.400390625,26120.69921875,26082.05078125,26119.80078125,0
2025-11-21 04:45:00+00:00,26067.849609375,26088.0,26055.94921875,26088.0,0
2025-11-21 05:00:00+00:00,26071.55078125,26079.75,26059.94921875,26068.0,0
2025-11-21 05:15:00+00:00,26093.94921875,26094.150390625,26061.099609375,26071.849609375,0
2025-11-21 05:30:00+00:00,26106.69921875,26110.55078125,26064.80078125,26093.19921875,0
2025-11-21 05:45:00+00:00,26103.0,26108.150390625,26081.19921875,26107.19921875,0
2025-11-21 06:00:00+00:00,26086.349609375,26104.19921875,26070.94921875,26103.19921875,0
2025-11-21 06:15:00+00:00,26093.099609375,26098.900390625,26085.599609375,26086.30078125,0
2025-11-21 06:30:00+00:00,26123.900390625,26126.349609375,26086.099609375,26093.30078125,0
2025-11-21 06:45:00+00:00,26152.75,26160.69921875,26122.55078125,26124.55078125,0
2025-11-21 07:00:00+00:00,26149.05078125,26153.400390625,26135.099609375,26151.44921875,0
2025-11-21 07:15:00+00:00,26166.0,26179.099609375,26148.55078125,26149.0,0
2025-11-21 07:30:00+00:00,26135.55078125,26170.44921875,26133.94921875,26166.19921875,0
2025-11-21 07:45:00+00:00,26116.349609375,26140.599609375,26104.75,26136.400390625,0
2025-11-21 08:00:00+00:00,26103.400390625,26126.55078125,26101.349609375,26116.80078125,0
2025-11-21 08:15:00+00:00,26138.599609375,26138.599609375,26099.349609375,26103.44921875,0
2025-11-21 08:30:00+00:00,26147.150390625,26148.69921875,26123.650390625,26138.849609375,0
2025-11-21 08:45:00+00:00,26149.94921875,26154.94921875,26140.349609375,26146.75,0
2025-11-21 09:00:00+00:00,26128.099609375,26161.69921875,26127.44921875,26150.25,0
2025-11-21 09:15:00+00:00,26070.349609375,26133.44921875,26067.75,26126.94921875,0
2025-11-21 09:30:00+00:00,26069.349609375,26084.349609375,26064.05078125,26071.05078125,0
2025-11-21 09:45:00+00:00,26063.94921875,26080.400390625,26052.80078125,26070.150390625,0
2025-11-24 03:45:00+00:00,26113.599609375,26134.19921875,26082.650390625,26128.30078125,0
2025-11-24 04:00:00+00:00,26074.900390625,26116.80078125,26074.400390625,26115.099609375,0
2025-11-24 04:15:00+00:00,26085.400390625,26107.900390625,26064.69921875,26076.19921875,0
2025-11-24 04:30:00+00:00,26128.5,26130.349609375,26085.400390625,26085.400390625,0
2025-11-24 04:45:00+00:00,26121.25,26129.55078125,26110.5,26129.05078125,0
2025-11-24 05:00:00+00:00,26130.94921875,26142.5,26117.0,26121.25,0
2025-11-24 05:15:00+00:00,26108.400390625,26137.30078125,26108.150390625,26131.900390625,0
2025-11-24 05:30:00+00:00,26098.099609375,26110.5,26094.400390625,26108.599609375,0
2025-11-24 05:45:00+00:00,26122.599609375,26123.44921875,26088.099609375,26098.400390625,0
2025-11-24 06:00:00+00:00,26117.150390625,26130.94921875,26114.599609375,26122.19921875,0
2025-11-24 06:15:00+00:00,26077.400390625,26117.30078125,26063.400390625,26117.30078125,0
2025-11-24 06:30:00+00:00,26069.099609375,26089.5,26065.599609375,26078.44921875,0
2025-11-24 06:45:00+00:00,26065.55078125,26089.349609375,26059.55078125,26068.650390625,0
2025-11-24 07:00:00+00:00,26078.0,26083.849609375,26047.0,26066.75,0
2025-11-24 07:15:00+00:00,26084.75,26093.30078125,26068.30078125,26078.19921875,0
2025-11-24 07:30:00+00:00,26080.599609375,26092.94921875,26065.650390625,26085.69921875,0
2025-11-24 07:45:00+00:00,26083.44921875,26096.05078125,26077.55078125,26081.80078125,0
2025-11-24 08:00:00+00:00,26086.55078125,26091.0,26062.80078125,26083.69921875,0
2025-11-24 08:15:00+00:00,26069.55078125,26090.05078125,26069.0,26088.349609375,0
2025-11-24 08:30:00+00:00,26057.150390625,26072.94921875,26035.099609375,26069.900390625,0
2025-11-24 08:45:00+00:00,26026.150390625,26060.05078125,26026.0,26054.650390625,0
2025-11-24 09:00:00+00:00,26025.69921875,26040.75,26018.94921875,26027.30078125,0
2025-11-24 09:15:00+00:00,26039.05078125,26043.44921875,26015.94921875,26027.099609375,0
2025-11-24 09:30:00+00:00,25954.400390625,26057.75,25952.55078125,26039.80078125,0
2025-11-24 09:45:00+00:00,25943.349609375,25960.650390625,25913.0,25954.55078125,0
2025-11-25 03:45:00+00:00,25955.19921875,25997.599609375,25924.55078125,25997.599609375,0
2025-11-25 04:00:00+00:00,25969.099609375,25980.650390625,25953.80078125,25954.849609375,0
2025-11-25 04:15:00+00:00,25988.400390625,25990.599609375,25952.099609375,25969.0,0
2025-11-25 04:30:00+00:00,26018.599609375,26025.25,25985.55078125,25987.650390625,0
2025-11-25 04:45:00+00:00,26010.55078125,26024.0,26005.099609375,26019.349609375,0
2025-11-25 05:00:00+00:00,25991.400390625,26020.400390625,25991.400390625,26010.849609375,0
2025-11-25 05:15:00+00:00,25939.099609375,25991.900390625,25938.44921875,25991.75,0
2025-11-25 05:30:00+00:00,25945.19921875,25945.349609375,25927.150390625,25938.94921875,0
2025-11-25 05:45:00+00:00,25962.80078125,25964.80078125,25942.349609375,25945.25,0
2025-11-25 06:00:00+00:00,25952.150390625,25969.80078125,25950.55078125,25962.69921875,0
2025-11-25 06:15:00+00:00,25987.44921875,25994.75,25950.650390625,25952.0,0
2025-11-25 06:30:00+00:00,25981.400390625,25991.150390625,25973.44921875,25987.5,0
2025-11-25 06:45:00+00:00,25957.94921875,25986.0,25954.349609375,25981.599609375,0
2025-11-25 07:00:00+00:00,25987.44921875,25990.150390625,25958.19921875,25958.19921875,0
2025-11-25 07:15:00+00:00,25983.900390625,26002.19921875,25979.25,25987.25,0
2025-11-25 07:30:00+00:00,25990.25,26009.30078125,25969.650390625,25984.05078125,0
2025-11-25 07:45:00+00:00,26009.19921875,26014.849609375,25983.349609375,25990.0,0
2025-11-25 08:00:00+00:00,25996.44921875,26013.400390625,25989.19921875,26008.599609375,0
2025-11-25 08:15:00+00:00,26008.349609375,26010.5,25987.19921875,25995.69921875,0
2025-11-25 08:30:00+00:00,26020.25,26028.55078125,26006.44921875,26008.349609375,0
2025-11-25 08:45:00+00:00,25973.650390625,26032.099609375,25972.099609375,26020.599609375,0
2025-11-25 09:00:00+00:00,25963.400390625,25972.75,25942.900390625,25972.55078125,0
2025-11-25 09:15:00+00:00,25899.80078125,25966.849609375,25898.75,25962.75,0
2025-11-25 09:30:00+00:00,25886.0,25920.400390625,25869.75,25899.30078125,0
2025-11-25 09:45:00+00:00,25860.30078125,25886.05078125,25858.400390625,25886.05078125,0
2025-11-26 03:45:00+00:00,25979.30078125,25983.400390625,25842.94921875,25842.94921875,0
2025-11-26 04:00:00+00:00,26024.599609375,26025.44921875,25979.599609375,25979.900390625,0
2025-11-26 04:15:00+00:00,26077.94921875,26084.150390625,26024.099609375,26024.099609375,0
2025-11-26 04:30:00+00:00,26084.5,26098.19921875,26074.75,26077.44921875,0
2025-11-26 04:45:00+00:00,26067.25,26092.69921875,26061.900390625,26084.25,0
2025-11-26 05:00:00+00:00,26092.19921875,26093.400390625,26066.19921875,26067.30078125,0
2025-11-26 05:15:00+00:00,26109.150390625,26130.5,26091.650390625,26091.650390625,0
2025-11-26 05:30:00+00:00,26116.5,26126.69921875,26108.5,26108.5,0
2025-11-26 05:45:00+00:00,26131.80078125,26139.25,26115.900390625,26116.75,0
2025-11-26 06:00:00+00:00,26121.5,26138.75,26120.849609375,26131.44921875,0
2025-11-26 06:15:00+00:00,26143.400390625,26145.349609375,26116.69921875,26121.05078125,0
2025-11-26 06:30:00+00:00,26156.849609375,26161.19921875,26137.19921875,26143.80078125,0
2025-11-26 06:45:00+00:00,26157.599609375,26162.05078125,26147.25,26156.94921875,0
2025-11-26 07:00:00+00:00,26170.69921875,26171.599609375,26149.05078125,26157.80078125,0
2025-11-26 07:15:00+00:00,26172.05078125,26173.44921875,26160.150390625,26170.44921875,0
2025-11-26 07:30:00+00:00,26188.900390625,26195.25,26169.44921875,26171.69921875,0
2025-11-26 07:45:00+00:00,26154.44921875,26193.900390625,26151.900390625,26188.55078125,0
2025-11-26 08:00:00+00:00,26173.150390625,26191.25,26154.25,26154.30078125,0
2025-11-26 08:15:00+00:00,26184.599609375,26195.44921875,26163.150390625,26173.25,0
2025-11-26 08:30:00+00:00,26197.349609375,26211.94921875,26174.849609375,26185.0,0
2025-11-26 08:45:00+00:00,26168.19921875,26199.650390625,26167.599609375,26197.599609375,0
2025-11-26 09:00:00+00:00,26188.349609375,26198.5,26166.05078125,26167.650390625,0
2025-11-26 09:15:00+00:00,26188.5,26196.599609375,26159.05078125,26187.55078125,0
2025-11-26 09:30:00+00:00,26212.599609375,26214.80078125,26191.19921875,26191.349609375,0
2025-11-26 09:45:00+00:00,26202.69921875,26213.5,26196.599609375,26213.5,0
2025-11-27 03:45:00+00:00,26283.80078125,26289.599609375,26210.849609375,26261.25,0
2025-11-27 04:00:00+00:00,26238.0,26286.599609375,26225.19921875,26285.150390625,0
2025-11-27 04:15:00+00:00,26284.0,26287.75,26223.69921875,26236.599609375,0
2025-11-27 04:30:00+00:00,26283.0,26304.150390625,26269.5,26283.900390625,0
2025-11-27 04:45:00+00:00,26279.25,26287.599609375,26265.650390625,26282.69921875,0
2025-11-27 05:00:00+00:00,26284.55078125,26291.900390625,26271.900390625,26279.400390625,0
2025-11-27 05:15:00+00:00,26291.75,26310.05078125,26283.650390625,26285.75,0
2025-11-27 05:30:00+00:00,26297.650390625,26304.5,26288.849609375,26291.05078125,0
2025-11-27 05:45:00+00:00,26279.44921875,26302.349609375,26275.650390625,26297.650390625,0
2025-11-27 06:00:00+00:00,26269.30078125,26280.0,26262.75,26279.25,0
2025-11-27 06:15:00+00:00,26245.44921875,26270.349609375,26233.44921875,26269.599609375,0
2025-11-27 06:30:00+00:00,26243.94921875,26262.55078125,26228.650390625,26244.94921875,0
2025-11-27 06:45:00+00:00,26226.650390625,26247.69921875,26214.94921875,26244.0,0
2025-11-27 07:00:00+00:00,26247.650390625,26248.150390625,26218.80078125,26227.05078125,0
2025-11-27 07:15:00+00:00,26237.900390625,26256.94921875,26235.80078125,26248.19921875,0
2025-11-27 07:30:00+00:00,26178.30078125,26239.400390625,26175.80078125,26237.650390625,0
2025-11-27 07:45:00+00:00,26152.05078125,26194.44921875,26145.05078125,26177.25,0
2025-11-27 08:00:00+00:00,26148.400390625,26169.5,26142.150390625,26151.849609375,0
2025-11-27 08:15:00+00:00,26185.44921875,26186.05078125,26143.599609375,26148.05078125,0
2025-11-27 08:30:00+00:00,26180.94921875,26197.25,26168.30078125,26185.349609375,0
2025-11-27 08:45:00+00:00,26206.05078125,26217.55078125,26172.30078125,26180.5,0
2025-11-27 09:00:00+00:00,26206.19921875,26222.44921875,26180.55078125,26205.55078125,0
2025-11-27 09:15:00+00:00,26186.05078125,26206.69921875,26173.30078125,26205.849609375,0
2025-11-27 09:30:00+00:00,26213.150390625,26228.19921875,26185.94921875,26185.94921875,0
2025-11-27 09:45:00+00:00,26220.80078125,26234.19921875,26207.599609375,26212.650390625,0
2025-11-28 03:45:00+00:00,26229.650390625,26246.900390625,26172.900390625,26246.900390625,0
2025-11-28 04:00:00+00:00,26225.099609375,26254.44921875,26201.650390625,26231.0,0
2025-11-28 04:15:00+00:00,26250.650390625,26254.75,26213.75,26224.900390625,0
2025-11-28 04:30:00+00:00,26240.400390625,26267.19921875,26239.30078125,26252.099609375,0
2025-11-28 04:45:00+00:00,26236.19921875,26245.44921875,26218.80078125,26240.650390625,0
2025-11-28 05:00:00+00:00,26274.44921875,26274.44921875,26234.55078125,26235.80078125,0
2025-11-28 05:15:00+00:00,26259.400390625,26280.19921875,26254.349609375,26273.94921875,0
2025-11-28 05:30:00+00:00,26266.5,26268.900390625,26245.150390625,26259.400390625,0
2025-11-28 05:45:00+00:00,26243.400390625,26273.25,26236.75,26266.900390625,0
2025-11-28 06:00:00+00:00,26247.94921875,26250.900390625,26232.599609375,26243.150390625,0
2025-11-28 06:15:00+00:00,26247.099609375,26257.099609375,26238.05078125,26246.94921875,0
2025-11-28 06:30:00+00:00,26240.75,26253.150390625,26232.849609375,26247.400390625,0
2025-11-28 06:45:00+00:00,26220.900390625,26240.55078125,26217.849609375,26239.349609375,0
2025-11-28 07:00:00+00:00,26230.0,26240.150390625,26218.0,26220.05078125,0
2025-11-28 07:15:00+00:00,26226.099609375,26230.650390625,26204.0,26229.849609375,0
2025-11-28 07:30:00+00:00,26217.900390625,26227.400390625,26212.650390625,26225.5,0
2025-11-28 07:45:00+00:00,26225.099609375,26227.5,26203.900390625,26217.44921875,0
2025-11-28 08:00:00+00:00,26217.69921875,26234.900390625,26216.25,26225.650390625,0
2025-11-28 08:15:00+00:00,26208.80078125,26218.099609375,26194.0,26217.0,0
2025-11-28 08:30:00+00:00,26200.75,26217.099609375,26199.80078125,26208.599609375,0
2025-11-28 08:45:00+00:00,26205.099609375,26206.900390625,26194.900390625,26200.94921875,0
2025-11-28 09:00:00+00:00,26205.55078125,26222.44921875,26201.349609375,26204.94921875,0
2025-11-28 09:15:00+00:00,26209.55078125,26214.400390625,26197.94921875,26205.30078125,0
2025-11-28 09:30:00+00:00,26197.55078125,26213.150390625,26196.150390625,26209.69921875,0
2025-11-28 09:45:00+00:00,26204.55078125,26213.650390625,26191.900390625,26197.44921875,0
2025-12-01 03:45:00+00:00,26284.05078125,26319.900390625,26272.25,26319.900390625,0
2025-12-01 04:00:00+00:00,26287.25,26314.69921875,26281.19921875,26284.75,0
2025-12-01 04:15:00+00:00,26264.30078125,26297.650390625,26263.94921875,26286.55078125,0
2025-12-01 04:30:00+00:00,26284.94921875,26290.849609375,26264.44921875,26264.44921875,0
2025-12-01 04:45:00+00:00,26281.099609375,26288.69921875,26268.599609375,26283.650390625,0
2025-12-01 05:00:00+00:00,26258.599609375,26289.55078125,26258.099609375,26282.900390625,0
2025-12-01 05:15:00+00:00,26238.94921875,26259.650390625,26229.349609375,26259.44921875,0
2025-12-01 05:30:00+00:00,26242.400390625,26244.150390625,26224.55078125,26239.5,0
2025-12-01 05:45:00+00:00,26247.5,26250.94921875,26236.75,26242.599609375,0
2025-12-01 06:00:00+00:00,26211.75,26261.900390625,26208.150390625,26248.349609375,0
2025-12-01 06:15:00+00:00,26212.599609375,26217.400390625,26180.44921875,26212.349609375,0
2025-12-01 06:30:00+00:00,26175.650390625,26216.849609375,26168.900390625,26213.150390625,0
2025-12-01 06:45:00+00:00,26188.55078125,26188.55078125,26161.150390625,26175.900390625,0
2025-12-01 07:00:00+00:00,26164.94921875,26188.25,26149.849609375,26188.25,0
2025-12-01 07:15:00+00:00,26184.94921875,26188.5,26151.849609375,26164.599609375,0
2025-12-01 07:30:00+00:00,26186.94921875,26187.55078125,26167.69921875,26185.94921875,0
2025-12-01 07:45:00+00:00,26173.599609375,26195.650390625,26169.099609375,26187.05078125,0
2025-12-01 08:00:00+00:00,26190.900390625,26198.25,26164.650390625,26174.25,0
2025-12-01 08:15:00+00:00,26183.0,26196.650390625,26180.05078125,26192.75,0
2025-12-01 08:30:00+00:00,26213.849609375,26228.94921875,26182.25,26182.25,0
2025-12-01 08:45:00+00:00,26206.900390625,26217.599609375,26199.30078125,26214.55078125,0
2025-12-01 09:00:00+00:00,26172.5,26207.5,26171.55078125,26206.5,0
2025-12-01 09:15:00+00:00,26141.94921875,26177.349609375,26124.80078125,26173.849609375,0
2025-12-01 09:30:00+00:00,26179.5,26189.150390625,26137.400390625,26147.19921875,0
2025-12-01 09:45:00+00:00,26175.94921875,26185.05078125,26166.94921875,26179.650390625,0
2025-12-02 03:45:00+00:00,26130.19921875,26154.599609375,26096.05078125,26096.05078125,0
2025-12-02 04:00:00+00:00,26079.30078125,26133.25,26078.900390625,26131.25,0
2025-12-02 04:15:00+00:00,26075.099609375,26094.349609375,26068.69921875,26078.75,0
2025-12-02 04:30:00+00:00,26058.69921875,26082.400390625,26055.650390625,26075.30078125,0
2025-12-02 04:45:00+00:00,26078.80078125,26080.69921875,26047.099609375,26058.900390625,0
2025-12-02 05:00:00+00:00,26074.650390625,26094.349609375,26073.900390625,26078.599609375,0
2025-12-02 05:15:00+00:00,26098.19921875,26099.599609375,26069.650390625,26074.849609375,0
2025-12-02 05:30:00+00:00,26080.75,26100.5,26079.30078125,26098.400390625,0
2025-12-02 05:45:00+00:00,26068.400390625,26085.30078125,26067.55078125,26080.55078125,0
2025-12-02 06:00:00+00:00,26063.30078125,26074.44921875,26062.30078125,26068.19921875,0
2025-12-02 06:15:00+00:00,26053.75,26069.75,26045.44921875,26063.30078125,0
2025-12-02 06:30:00+00:00,26051.55078125,26059.5,26041.05078125,26054.0,0
2025-12-02 06:45:00+00:00,26066.44921875,26067.05078125,26047.650390625,26051.75,0
2025-12-02 07:00:00+00:00,26060.599609375,26085.099609375,26059.55078125,26066.349609375,0
2025-12-02 07:15:00+00:00,26041.19921875,26061.80078125,26036.349609375,26060.94921875,0
2025-12-02 07:30:00+00:00,26035.80078125,26052.650390625,26032.05078125,26041.150390625,0
2025-12-02 07:45:00+00:00,26035.349609375,26046.80078125,26030.0,26035.400390625,0
2025-12-02 08:00:00+00:00,26036.650390625,26044.05078125,26028.849609375,26035.25,0
2025-12-02 08:15:00+00:00,26059.44921875,26060.150390625,26028.94921875,26037.349609375,0
2025-12-02 08:30:00+00:00,26045.05078125,26061.650390625,26036.900390625,26059.0,0
2025-12-02 08:45:00+00:00,26041.400390625,26046.75,26031.30078125,26045.599609375,0
2025-12-02 09:00:00+00:00,26010.0,26043.099609375,26002.55078125,26041.55078125,0
2025-12-02 09:15:00+00:00,26009.099609375,26027.05078125,25999.099609375,26010.0,0
2025-12-02 09:30:00+00:00,26036.75,26040.0,26008.5,26011.150390625,0
2025-12-02 09:45:00+00:00,26057.0,26060.30078125,26027.80078125,26036.400390625,0
2025-12-03 03:45:00+00:00,25962.0,26062.650390625,25954.75,26004.900390625,0
2025-12-03 04:00:00+00:00,25944.0,25976.5,25922.05078125,25963.05078125,0
2025-12-03 04:15:00+00:00,25950.94921875,25952.80078125,25924.30078125,25943.900390625,0
2025-12-03 04:30:00+00:00,25928.099609375,25952.75,25898.19921875,25951.55078125,0
2025-12-03 04:45:00+00:00,25924.150390625,25939.900390625,25905.599609375,25928.19921875,0
2025-12-03 05:00:00+00:00,25905.80078125,25930.650390625,25897.099609375,25922.94921875,0
2025-12-03 05:15:00+00:00,25923.94921875,25924.0,25901.900390625,25904.400390625,0
2025-12-03 05:30:00+00:00,25920.400390625,25926.69921875,25900.150390625,25922.900390625,0
2025-12-03 05:45:00+00:00,25910.05078125,25921.44921875,25891.150390625,25919.650390625,0
2025-12-03 06:00:00+00:00,25931.05078125,25945.150390625,25906.0,25909.349609375,0
2025-12-03 06:15:00+00:00,25927.25,25936.94921875,25923.55078125,25930.55078125,0
2025-12-03 06:30:00+00:00,25954.19921875,25962.0,25926.349609375,25927.30078125,0
2025-12-03 06:45:00+00:00,25952.25,25966.849609375,25945.05078125,25952.80078125,0
2025-12-03 07:00:00+00:00,25924.25,25952.599609375,25916.0,25951.94921875,0
2025-12-03 07:15:00+00:00,25938.900390625,25938.900390625,25920.5,25922.900390625,0
2025-12-03 07:30:00+00:00,25938.75,25941.849609375,25930.44921875,25938.30078125,0
2025-12-03 07:45:00+00:00,25940.75,25947.19921875,25924.099609375,25938.099609375,0
2025-12-03 08:00:00+00:00,25929.599609375,25953.44921875,25928.05078125,25939.650390625,0
2025-12-03 08:15:00+00:00,25917.44921875,25934.900390625,25905.94921875,25928.30078125,0
2025-12-03 08:30:00+00:00,25948.900390625,25955.5,25905.650390625,25917.150390625,0
2025-12-03 08:45:00+00:00,25921.44921875,25955.75,25918.5,25948.349609375,0
2025-12-03 09:00:00+00:00,25940.44921875,25946.19921875,25918.44921875,25921.44921875,0
2025-12-03 09:15:00+00:00,25976.25,25976.25,25935.099609375,25939.30078125,0
2025-12-03 09:30:00+00:00,25992.75,26005.55078125,25966.650390625,25976.099609375,0
2025-12-03 09:45:00+00:00,25981.150390625,25995.05078125,25976.349609375,25992.44921875,0
2025-12-04 03:45:00+00:00,25996.349609375,25996.44921875,25940.099609375,25981.849609375,0
2025-12-04 04:00:00+00:00,26027.94921875,26029.30078125,25979.349609375,25995.849609375,0
2025-12-04 04:15:00+00:00,26029.55078125,26036.19921875,26013.849609375,26028.150390625,0
2025-12-04 04:30:00+00:00,26041.900390625,26044.849609375,26021.44921875,26028.30078125,0
2025-12-04 04:45:00+00:00,26076.599609375,26078.400390625,26037.150390625,26042.75,0
2025-12-04 05:00:00+00:00,26093.94921875,26097.80078125,26075.150390625,26078.900390625,0
2025-12-04 05:15:00+00:00,26075.599609375,26097.80078125,26074.80078125,26092.69921875,0
2025-12-04 05:30:00+00:00,26077.05078125,26086.900390625,26068.55078125,26075.5,0
2025-12-04 05:45:00+00:00,26060.75,26077.44921875,26059.05078125,26077.05078125,0
2025-12-04 06:00:00+00:00,26029.44921875,26066.30078125,26023.05078125,26060.599609375,0
2025-12-04 06:15:00+00:00,26023.900390625,26033.400390625,26014.400390625,26028.80078125,0
2025-12-04 06:30:00+00:00,26027.80078125,26044.099609375,26020.400390625,26024.0,0
2025-12-04 06:45:00+00:00,26024.5,26030.099609375,26004.849609375,26028.150390625,0
2025-12-04 07:00:00+00:00,26009.900390625,26030.75,26006.69921875,26024.25,0
2025-12-04 07:15:00+00:00,26002.69921875,26010.0,25989.25,26009.55078125,0
2025-12-04 07:30:00+00:00,26001.0,26007.44921875,25991.849609375,26002.400390625,0
2025-12-04 07:45:00+00:00,26016.19921875,26022.44921875,25999.19921875,26000.80078125,0
2025-12-04 08:00:00+00:00,25976.69921875,26027.599609375,25962.400390625,26015.69921875,0
2025-12-04 08:15:00+00:00,25973.099609375,25983.55078125,25970.05078125,25976.30078125,0
2025-12-04 08:30:00+00:00,26004.30078125,26022.69921875,25970.5,25973.30078125,0
2025-12-04 08:45:00+00:00,26014.44921875,26015.900390625,25992.44921875,26004.05078125,0
2025-12-04 09:00:00+00:00,26000.849609375,26020.849609375,25998.650390625,26014.0,0
2025-12-04 09:15:00+00:00,26043.25,26046.099609375,25988.150390625,26000.599609375,0
2025-12-04 09:30:00+00:00,26038.599609375,26059.05078125,26036.599609375,26042.25,0
2025-12-04 09:45:00+00:00,26010.349609375,26040.900390625,26004.900390625,26037.69921875,0
2025-12-05 03:45:00+00:00,26037.44921875,26061.69921875,25991.849609375,26001.150390625,0
2025-12-05 04:00:00+00:00,26047.19921875,26056.349609375,26027.80078125,26036.599609375,0
2025-12-05 04:15:00+00:00,26024.349609375,26061.400390625,26018.849609375,26047.25,0
2025-12-05 04:30:00+00:00,26078.55078125,26102.05078125,26006.650390625,26023.80078125,0
2025-12-05 04:45:00+00:00,26040.75,26112.55078125,26036.5,26077.150390625,0
2025-12-05 05:00:00+00:00,26096.25,26098.150390625,26007.25,26039.75,0
2025-12-05 05:15:00+00:00,26116.75,26134.75,26090.80078125,26096.150390625,0
2025-12-05 05:30:00+00:00,26143.5,26146.349609375,26115.0,26115.0,0
2025-12-05 05:45:00+00:00,26139.30078125,26156.400390625,26131.05078125,26142.94921875,0
2025-12-05 06:00:00+00:00,26141.599609375,26143.19921875,26128.599609375,26138.44921875,0
2025-12-05 06:15:00+00:00,26133.05078125,26147.900390625,26121.5,26141.30078125,0
2025-12-05 06:30:00+00:00,26130.150390625,26149.25,26129.69921875,26131.0,0
2025-12-05 06:45:00+00:00,26166.5,26167.94921875,26127.44921875,26130.099609375,0
2025-12-05 07:00:00+00:00,26190.19921875,26196.75,26163.150390625,26165.30078125,0
2025-12-05 07:15:00+00:00,26181.55078125,26202.55078125,26178.5,26188.349609375,0
2025-12-05 07:30:00+00:00,26180.94921875,26200.44921875,26177.75,26181.44921875,0
2025-12-05 07:45:00+00:00,26189.150390625,26199.25,26179.80078125,26180.25,0
2025-12-05 08:00:00+00:00,26192.650390625,26200.400390625,26183.19921875,26188.400390625,0
2025-12-05 08:15:00+00:00,26163.55078125,26198.650390625,26159.25,26192.05078125,0
2025-12-05 08:30:00+00:00,26165.099609375,26181.25,26148.30078125,26164.19921875,0
2025-12-05 08:45:00+00:00,26168.400390625,26172.80078125,26158.19921875,26165.19921875,0
2025-12-05 09:00:00+00:00,26147.650390625,26170.75,26144.599609375,26167.900390625,0
2025-12-05 09:15:00+00:00,26154.5,26158.5,26122.80078125,26147.150390625,0
2025-12-05 09:30:00+00:00,26188.650390625,26196.69921875,26155.75,26155.75,0
2025-12-05 09:45:00+00:00,26176.650390625,26199.25,26176.400390625,26187.55078125,0
2025-12-08 03:45:00+00:00,26140.599609375,26178.400390625,26128.30078125,26158.849609375,0
2025-12-08 04:00:00+00:00,26130.349609375,26144.05078125,26112.0,26139.599609375,0
2025-12-08 04:15:00+00:00,26085.80078125,26129.900390625,26077.650390625,26129.5,0
2025-12-08 04:30:00+00:00,26096.5,26096.5,26068.69921875,26086.05078125,0
2025-12-08 04:45:00+00:00,26097.80078125,26109.150390625,26081.75,26096.599609375,0
2025-12-08 05:00:00+00:00,26096.80078125,26099.099609375,26081.69921875,26098.0,0
2025-12-08 05:15:00+00:00,26070.400390625,26101.5,26069.599609375,26096.19921875,0
2025-12-08 05:30:00+00:00,26070.69921875,26080.69921875,26051.900390625,26070.75,0
2025-12-08 05:45:00+00:00,26070.05078125,26077.849609375,26056.55078125,26070.55078125,0
2025-12-08 06:00:00+00:00,26067.69921875,26074.44921875,26042.05078125,26070.44921875,0
2025-12-08 06:15:00+00:00,26059.400390625,26074.05078125,26054.400390625,26067.69921875,0
2025-12-08 06:30:00+00:00,26035.30078125,26059.099609375,26034.55078125,26058.5,0
2025-12-08 06:45:00+00:00,26027.05078125,26050.30078125,26023.25,26034.0,0
2025-12-08 07:00:00+00:00,26015.75,26027.900390625,26012.650390625,26027.150390625,0
2025-12-08 07:15:00+00:00,26012.650390625,26026.55078125,26006.650390625,26015.0,0
2025-12-08 07:30:00+00:00,26030.19921875,26040.80078125,26004.69921875,26012.849609375,0
2025-12-08 07:45:00+00:00,25957.5,26031.150390625,25950.400390625,26030.80078125,0
2025-12-08 08:00:00+00:00,25923.099609375,25960.05078125,25903.099609375,25957.25,0
2025-12-08 08:15:00+00:00,25929.650390625,25940.25,25915.69921875,25923.0,0
2025-12-08 08:30:00+00:00,25914.400390625,25943.19921875,25908.44921875,25929.30078125,0
2025-12-08 08:45:00+00:00,25924.150390625,25933.25,25892.400390625,25914.05078125,0
2025-12-08 09:00:00+00:00,25928.69921875,25929.94921875,25903.44921875,25925.19921875,0
2025-12-08 09:15:00+00:00,25939.599609375,25970.80078125,25922.25,25929.099609375,0
2025-12-08 09:30:00+00:00,25971.150390625,25984.099609375,25942.5,25942.5,0
2025-12-08 09:45:00+00:00,25932.80078125,25973.349609375,25918.19921875,25970.30078125,0
2025-12-09 03:45:00+00:00,25798.80078125,25889.849609375,25797.650390625,25867.099609375,0
2025-12-09 04:00:00+00:00,25758.900390625,25802.25,25755.55078125,25800.099609375,0
2025-12-09 04:15:00+00:00,25734.150390625,25766.599609375,25728.05078125,25760.099609375,0
2025-12-09 04:30:00+00:00,25784.05078125,25790.75,25730.349609375,25733.55078125,0
2025-12-09 04:45:00+00:00,25822.0,25848.849609375,25782.25,25784.05078125,0
2025-12-09 05:00:00+00:00,25811.849609375,25827.349609375,25778.849609375,25822.349609375,0
2025-12-09 05:15:00+00:00,25829.19921875,25830.099609375,25790.0,25812.75,0
2025-12-09 05:30:00+00:00,25864.400390625,25868.150390625,25815.05078125,25829.30078125,0
2025-12-09 05:45:00+00:00,25863.150390625,25872.099609375,25848.25,25865.0,0
2025-12-09 06:00:00+00:00,25825.55078125,25875.44921875,25824.900390625,25863.44921875,0
2025-12-09 06:15:00+00:00,25861.30078125,25867.94921875,25817.80078125,25823.19921875,0
2025-12-09 06:30:00+00:00,25893.05078125,25899.69921875,25855.400390625,25860.849609375,0
2025-12-09 06:45:00+00:00,25905.55078125,25923.150390625,25886.650390625,25892.150390625,0
2025-12-09 07:00:00+00:00,25884.75,25911.19921875,25869.94921875,25904.5,0
2025-12-09 07:15:00+00:00,25864.94921875,25891.44921875,25852.0,25883.44921875,0
2025-12-09 07:30:00+00:00,25876.19921875,25889.0,25855.5,25863.849609375,0
2025-12-09 07:45:00+00:00,25889.349609375,25890.44921875,25864.349609375,25875.55078125,0
2025-12-09 08:00:00+00:00,25890.5,25907.400390625,25874.44921875,25889.099609375,0
2025-12-09 08:15:00+00:00,25898.94921875,25901.849609375,25879.55078125,25889.849609375,0
2025-12-09 08:30:00+00:00,25885.5,25903.5,25866.5,25896.849609375,0
2025-12-09 08:45:00+00:00,25820.94921875,25886.099609375,25816.44921875,25884.650390625,0
2025-12-09 09:00:00+00:00,25826.44921875,25845.349609375,25801.599609375,25820.80078125,0
2025-12-09 09:15:00+00:00,25832.400390625,25837.80078125,25811.55078125,25826.0,0
2025-12-09 09:30:00+00:00,25837.650390625,25855.599609375,25824.44921875,25831.44921875,0
2025-12-09 09:45:00+00:00,25838.94921875,25847.69921875,25831.80078125,25835.349609375,0
2025-12-10 03:45:00+00:00,25887.400390625,25893.150390625,25833.80078125,25863.900390625,0
2025-12-10 04:00:00+00:00,25905.75,25916.849609375,25886.44921875,25888.05078125,0
2025-12-10 04:15:00+00:00,25878.150390625,25920.0,25876.650390625,25906.099609375,0
2025-12-10 04:30:00+00:00,25919.849609375,25922.25,25878.05078125,25878.25,0
2025-12-10 04:45:00+00:00,25918.900390625,25947.650390625,25916.900390625,25920.80078125,0
2025-12-10 05:00:00+00:00,25921.44921875,25938.80078125,25907.25,25919.25,0
2025-12-10 05:15:00+00:00,25835.30078125,25923.349609375,25834.25,25922.19921875,0
2025-12-10 05:30:00+00:00,25874.650390625,25875.5,25822.69921875,25837.099609375,0
2025-12-10 05:45:00+00:00,25852.25,25880.80078125,25851.80078125,25876.05078125,0
2025-12-10 06:00:00+00:00,25839.25,25854.80078125,25831.69921875,25852.19921875,0
2025-12-10 06:15:00+00:00,25835.0,25841.05078125,25823.05078125,25840.25,0
2025-12-10 06:30:00+00:00,25830.650390625,25859.94921875,25817.349609375,25834.650390625,0
2025-12-10 06:45:00+00:00,25815.150390625,25839.349609375,25814.599609375,25830.69921875,0
2025-12-10 07:00:00+00:00,25771.55078125,25817.099609375,25768.05078125,25814.650390625,0
2025-12-10 07:15:00+00:00,25793.19921875,25798.150390625,25768.900390625,25772.55078125,0
2025-12-10 07:30:00+00:00,25801.849609375,25810.75,25788.05078125,25793.400390625,0
2025-12-10 07:45:00+00:00,25836.30078125,25839.099609375,25801.349609375,25802.30078125,0
2025-12-10 08:00:00+00:00,25825.05078125,25850.19921875,25824.099609375,25836.599609375,0
2025-12-10 08:15:00+00:00,25795.19921875,25829.400390625,25793.80078125,25825.349609375,0
2025-12-10 08:30:00+00:00,25758.5,25798.94921875,25750.55078125,25796.849609375,0
2025-12-10 08:45:00+00:00,25739.05078125,25768.5,25734.900390625,25758.44921875,0
2025-12-10 09:00:00+00:00,25751.05078125,25788.69921875,25739.30078125,25739.55078125,0
2025-12-10 09:15:00+00:00,25758.94921875,25767.05078125,25739.400390625,25752.5,0
2025-12-10 09:30:00+00:00,25760.099609375,25776.900390625,25751.19921875,25759.30078125,0
2025-12-10 09:45:00+00:00,25742.650390625,25767.400390625,25742.650390625,25761.400390625,0
2025-12-11 03:45:00+00:00,25798.25,25802.849609375,25727.900390625,25777.44921875,0
2025-12-11 04:00:00+00:00,25712.25,25802.75,25693.30078125,25801.349609375,0
2025-12-11 04:15:00+00:00,25714.0,25739.69921875,25695.44921875,25711.44921875,0
2025-12-11 04:30:00+00:00,25807.55078125,25807.55078125,25712.349609375,25713.400390625,0
2025-12-11 04:45:00+00:00,25808.650390625,25821.599609375,25788.55078125,25805.5,0
2025-12-11 05:00:00+00:00,25825.349609375,25841.099609375,25802.69921875,25811.099609375,0
2025-12-11 05:15:00+00:00,25794.349609375,25844.44921875,25794.349609375,25826.5,0
2025-12-11 05:30:00+00:00,25797.44921875,25803.099609375,25764.5,25794.44921875,0
2025-12-11 05:45:00+00:00,25820.650390625,25828.69921875,25789.900390625,25797.5,0
2025-12-11 06:00:00+00:00,25833.69921875,25836.94921875,25813.30078125,25820.599609375,0
2025-12-11 06:15:00+00:00,25846.900390625,25851.5,25819.44921875,25833.599609375,0
2025-12-11 06:30:00+00:00,25876.599609375,25889.80078125,25846.94921875,25847.150390625,0
2025-12-11 06:45:00+00:00,25907.30078125,25918.099609375,25869.0,25878.599609375,0
2025-12-11 07:00:00+00:00,25899.849609375,25913.30078125,25881.400390625,25906.900390625,0
2025-12-11 07:15:00+00:00,25879.0,25903.400390625,25877.150390625,25900.55078125,0
2025-12-11 07:30:00+00:00,25855.150390625,25887.400390625,25840.80078125,25879.05078125,0
2025-12-11 07:45:00+00:00,25862.5,25870.349609375,25850.55078125,25854.05078125,0
2025-12-11 08:00:00+00:00,25873.80078125,25889.80078125,25860.0,25860.0,0
2025-12-11 08:15:00+00:00,25890.30078125,25901.849609375,25868.94921875,25874.0,0
2025-12-11 08:30:00+00:00,25866.19921875,25890.75,25860.599609375,25890.650390625,0
2025-12-11 08:45:00+00:00,25916.5,25918.05078125,25863.25,25863.25,0
2025-12-11 09:00:00+00:00,25880.55078125,25921.75,25878.900390625,25917.099609375,0
2025-12-11 09:15:00+00:00,25874.25,25885.55078125,25848.25,25881.099609375,0
2025-12-11 09:30:00+00:00,25895.44921875,25907.80078125,25874.75,25874.75,0
2025-12-11 09:45:00+00:00,25898.400390625,25903.400390625,25891.05078125,25895.099609375,0
2025-12-12 03:45:00+00:00,26010.150390625,26012.900390625,25964.900390625,25971.19921875,0
2025-12-12 04:00:00+00:00,26023.900390625,26038.150390625,26009.30078125,26009.30078125,0
2025-12-12 04:15:00+00:00,26007.55078125,26027.25,26001.599609375,26024.849609375,0
2025-12-12 04:30:00+00:00,25988.5,26011.30078125,25968.599609375,26006.5,0
2025-12-12 04:45:00+00:00,25960.650390625,26008.25,25939.05078125,25989.150390625,0
2025-12-12 05:00:00+00:00,25961.19921875,25983.44921875,25955.900390625,25960.30078125,0
2025-12-12 05:15:00+00:00,25954.900390625,25974.94921875,25949.150390625,25960.849609375,0
2025-12-12 05:30:00+00:00,25990.44921875,26000.25,25953.30078125,25954.900390625,0
2025-12-12 05:45:00+00:00,26012.94921875,26019.349609375,25989.25,25990.80078125,0
2025-12-12 06:00:00+00:00,26014.849609375,26020.94921875,26005.5,26013.0,0
2025-12-12 06:15:00+00:00,26028.849609375,26033.599609375,26008.75,26014.650390625,0
2025-12-12 06:30:00+00:00,26013.650390625,26037.849609375,25998.94921875,26028.30078125,0
2025-12-12 06:45:00+00:00,26023.650390625,26029.5,26007.55078125,26014.19921875,0
2025-12-12 07:00:00+00:00,26016.19921875,26037.849609375,26015.55078125,26023.05078125,0
2025-12-12 07:15:00+00:00,26022.25,26024.900390625,26011.849609375,26016.75,0
2025-12-12 07:30:00+00:00,26034.05078125,26035.05078125,26009.05078125,26022.400390625,0
2025-12-12 07:45:00+00:00,26015.400390625,26035.80078125,26015.30078125,26034.69921875,0
2025-12-12 08:00:00+00:00,26021.80078125,26027.69921875,26008.94921875,26015.099609375,0
2025-12-12 08:15:00+00:00,26025.0,26033.55078125,26018.05078125,26023.099609375,0
2025-12-12 08:30:00+00:00,26043.05078125,26056.25,26024.19921875,26025.80078125,0
2025-12-12 08:45:00+00:00,26033.69921875,26045.5,26026.94921875,26042.900390625,0
2025-12-12 09:00:00+00:00,26028.099609375,26039.5,26018.69921875,26034.099609375,0
2025-12-12 09:15:00+00:00,26028.5,26031.19921875,26015.80078125,26026.94921875,0
2025-12-12 09:30:00+00:00,26054.099609375,26057.400390625,26026.94921875,26026.94921875,0
2025-12-12 09:45:00+00:00,26037.150390625,26054.5,26037.150390625,26053.94921875,0
2025-12-15 03:45:00+00:00,25918.599609375,26004.0,25913.80078125,25957.25,0
2025-12-15 04:00:00+00:00,25917.150390625,25936.900390625,25910.30078125,25918.75,0
2025-12-15 04:15:00+00:00,25951.599609375,25953.0,25904.75,25916.80078125,0
2025-12-15 04:30:00+00:00,25961.349609375,25962.19921875,25937.5,25951.900390625,0
2025-12-15 04:45:00+00:00,25976.05078125,25978.099609375,25954.55078125,25961.349609375,0
2025-12-15 05:00:00+00:00,25968.150390625,25981.30078125,25946.94921875,25976.099609375,0
2025-12-15 05:15:00+00:00,25987.25,25997.55078125,25965.94921875,25968.400390625,0
2025-12-15 05:30:00+00:00,25980.94921875,25993.599609375,25974.55078125,25987.349609375,0
2025-12-15 05:45:00+00:00,25991.69921875,25995.55078125,25968.150390625,25980.849609375,0
2025-12-15 06:00:00+00:00,25971.0,25994.599609375,25961.55078125,25991.150390625,0
2025-12-15 06:15:00+00:00,26016.099609375,26021.05078125,25969.849609375,25971.19921875,0
2025-12-15 06:30:00+00:00,26018.55078125,26028.0,26008.55078125,26016.19921875,0
2025-12-15 06:45:00+00:00,26018.599609375,26027.30078125,26011.44921875,26019.55078125,0
2025-12-15 07:00:00+00:00,26010.150390625,26029.650390625,26007.69921875,26020.099609375,0
2025-12-15 07:15:00+00:00,26016.0,26022.849609375,26003.44921875,26009.94921875,0
2025-12-15 07:30:00+00:00,26042.099609375,26044.599609375,26015.349609375,26016.19921875,0
2025-12-15 07:45:00+00:00,26025.69921875,26043.94921875,26024.400390625,26041.94921875,0
2025-12-15 08:00:00+00:00,26025.44921875,26036.0,26023.400390625,26025.69921875,0
2025-12-15 08:15:00+00:00,26022.19921875,26034.05078125,26018.650390625,26025.599609375,0
2025-12-15 08:30:00+00:00,26009.849609375,26038.05078125,25990.150390625,26022.0,0
2025-12-15 08:45:00+00:00,26016.650390625,26020.349609375,26007.400390625,26009.5,0
2025-12-15 09:00:00+00:00,26035.650390625,26035.650390625,26008.5,26016.44921875,0
2025-12-15 09:15:00+00:00,26036.5,26047.0,26028.05078125,26035.19921875,0
2025-12-15 09:30:00+00:00,26030.05078125,26037.599609375,26019.55078125,26035.099609375,0
2025-12-15 09:45:00+00:00,26014.0,26031.55078125,26013.349609375,26029.849609375,0
2025-12-16 03:45:00+00:00,25923.099609375,25970.0,25920.099609375,25966.75,0
2025-12-16 04:00:00+00:00,25926.650390625,25930.80078125,25902.30078125,25922.75,0
2025-12-16 04:15:00+00:00,25906.099609375,25943.75,25902.599609375,25926.0,0
2025-12-16 04:30:00+00:00,25892.849609375,25906.099609375,25879.55078125,25906.05078125,0
2025-12-16 04:45:00+00:00,25910.44921875,25922.69921875,25888.150390625,25892.44921875,0
2025-12-16 05:00:00+00:00,25905.30078125,25919.349609375,25898.150390625,25909.94921875,0
2025-12-16 05:15:00+00:00,25900.150390625,25911.5,25890.849609375,25904.849609375,0
2025-12-16 05:30:00+00:00,25898.80078125,25910.349609375,25891.30078125,25899.75,0
2025-12-16 05:45:00+00:00,25905.44921875,25911.19921875,25892.599609375,25898.25,0
2025-12-16 06:00:00+00:00,25875.099609375,25907.650390625,25872.69921875,25905.69921875,0
2025-12-16 06:15:00+00:00,25876.05078125,25891.0,25872.599609375,25875.650390625,0
2025-12-16 06:30:00+00:00,25887.5,25890.650390625,25870.5,25876.30078125,0
2025-12-16 06:45:00+00:00,25906.150390625,25908.5,25882.19921875,25887.05078125,0
2025-12-16 07:00:00+00:00,25894.349609375,25914.44921875,25880.25,25905.599609375,0
2025-12-16 07:15:00+00:00,25898.75,25901.0,25876.150390625,25893.69921875,0
2025-12-16 07:30:00+00:00,25886.849609375,25899.19921875,25875.849609375,25898.900390625,0
2025-12-16 07:45:00+00:00,25885.30078125,25896.69921875,25876.30078125,25887.650390625,0
2025-12-16 08:00:00+00:00,25905.150390625,25916.25,25884.69921875,25885.599609375,0
2025-12-16 08:15:00+00:00,25897.25,25929.150390625,25894.44921875,25904.94921875,0
2025-12-16 08:30:00+00:00,25883.25,25909.75,25875.900390625,25897.19921875,0
2025-12-16 08:45:00+00:00,25868.75,25884.55078125,25848.69921875,25883.80078125,0
2025-12-16 09:00:00+00:00,25865.900390625,25872.19921875,25848.55078125,25868.94921875,0
2025-12-16 09:15:00+00:00,25883.80078125,25902.05078125,25859.0,25866.44921875,0
2025-12-16 09:30:00+00:00,25856.05078125,25896.849609375,25854.75,25885.0,0
2025-12-16 09:45:00+00:00,25851.349609375,25858.75,25834.849609375,25858.75,0
2025-12-17 03:45:00+00:00,25903.30078125,25924.0,25857.80078125,25902.400390625,0
2025-12-17 04:00:00+00:00,25880.80078125,25928.650390625,25878.099609375,25903.5,0
2025-12-17 04:15:00+00:00,25868.44921875,25890.0,25851.80078125,25880.19921875,0
2025-12-17 04:30:00+00:00,25841.05078125,25871.05078125,25823.94921875,25868.25,0
2025-12-17 04:45:00+00:00,25813.19921875,25851.75,25810.0,25840.150390625,0
2025-12-17 05:00:00+00:00,25819.05078125,25829.900390625,25811.05078125,25813.650390625,0
2025-12-17 05:15:00+00:00,25819.5,25834.900390625,25801.80078125,25819.599609375,0
2025-12-17 05:30:00+00:00,25842.75,25843.599609375,25813.05078125,25819.94921875,0
2025-12-17 05:45:00+00:00,25814.55078125,25850.75,25812.80078125,25842.05078125,0
2025-12-17 06:00:00+00:00,25827.94921875,25834.400390625,25806.69921875,25815.150390625,0
2025-12-17 06:15:00+00:00,25817.349609375,25851.30078125,25816.25,25827.94921875,0
2025-12-17 06:30:00+00:00,25796.400390625,25818.099609375,25789.349609375,25817.400390625,0
2025-12-17 06:45:00+00:00,25786.099609375,25809.150390625,25784.94921875,25796.25,0
2025-12-17 07:00:00+00:00,25793.94921875,25795.849609375,25784.349609375,25785.69921875,0
2025-12-17 07:15:00+00:00,25783.599609375,25812.849609375,25780.5,25795.30078125,0
2025-12-17 07:30:00+00:00,25791.400390625,25802.5,25779.69921875,25783.19921875,0
2025-12-17 07:45:00+00:00,25811.400390625,25826.150390625,25788.650390625,25791.44921875,0
2025-12-17 08:00:00+00:00,25786.55078125,25815.5,25781.75,25811.44921875,0
2025-12-17 08:15:00+00:00,25796.099609375,25797.5,25780.900390625,25786.5,0
2025-12-17 08:30:00+00:00,25798.55078125,25800.25,25787.0,25795.44921875,0
2025-12-17 08:45:00+00:00,25791.75,25832.650390625,25787.69921875,25798.5,0
2025-12-17 09:00:00+00:00,25792.599609375,25819.650390625,25770.80078125,25791.650390625,0
2025-12-17 09:15:00+00:00,25813.69921875,25823.69921875,25790.900390625,25793.25,0
2025-12-17 09:30:00+00:00,25816.349609375,25831.55078125,25813.80078125,25813.80078125,0
2025-12-17 09:45:00+00:00,25822.650390625,25835.75,25809.19921875,25816.25,0
2025-12-18 03:45:00+00:00,25780.05078125,25804.349609375,25770.19921875,25785.69921875,0
2025-12-18 04:00:00+00:00,25745.099609375,25795.44921875,25743.44921875,25780.150390625,0
2025-12-18 04:15:00+00:00,25748.75,25756.25,25726.75,25745.099609375,0
2025-12-18 04:30:00+00:00,25791.150390625,25797.5,25736.69921875,25748.69921875,0
2025-12-18 04:45:00+00:00,25829.75,25841.5,25785.650390625,25792.30078125,0
2025-12-18 05:00:00+00:00,25852.400390625,25863.900390625,25826.69921875,25830.55078125,0
2025-12-18 05:15:00+00:00,25850.05078125,25858.849609375,25836.44921875,25852.849609375,0
2025-12-18 05:30:00+00:00,25831.69921875,25851.099609375,25825.80078125,25849.599609375,0
2025-12-18 05:45:00+00:00,25855.349609375,25856.69921875,25821.69921875,25831.44921875,0
2025-12-18 06:00:00+00:00,25851.55078125,25860.5,25848.5,25855.400390625,0
2025-12-18 06:15:00+00:00,25866.94921875,25879.0,25842.150390625,25851.69921875,0
2025-12-18 06:30:00+00:00,25878.80078125,25882.650390625,25853.80078125,25867.150390625,0
2025-12-18 06:45:00+00:00,25879.849609375,25884.80078125,25861.650390625,25878.94921875,0
2025-12-18 07:00:00+00:00,25893.849609375,25898.900390625,25877.80078125,25880.150390625,0
2025-12-18 07:15:00+00:00,25881.80078125,25901.30078125,25874.55078125,25894.150390625,0
2025-12-18 07:30:00+00:00,25879.80078125,25887.5,25873.099609375,25882.75,0
2025-12-18 07:45:00+00:00,25867.150390625,25880.0,25861.05078125,25880.0,0
2025-12-18 08:00:00+00:00,25844.55078125,25868.25,25839.900390625,25868.05078125,0
2025-12-18 08:15:00+00:00,25843.400390625,25862.849609375,25837.849609375,25845.900390625,0
2025-12-18 08:30:00+00:00,25805.25,25843.599609375,25802.150390625,25843.55078125,0
2025-12-18 08:45:00+00:00,25789.55078125,25814.849609375,25779.25,25805.30078125,0
2025-12-18 09:00:00+00:00,25792.55078125,25833.94921875,25781.650390625,25794.25,0
2025-12-18 09:15:00+00:00,25786.05078125,25806.599609375,25770.849609375,25792.5,0
2025-12-18 09:30:00+00:00,25820.400390625,25829.75,25786.349609375,25786.349609375,0
2025-12-18 09:45:00+00:00,25815.650390625,25826.19921875,25806.69921875,25821.25,0
2025-12-19 03:45:00+00:00,25950.30078125,25950.55078125,25884.30078125,25907.849609375,0
2025-12-19 04:00:00+00:00,25956.400390625,25968.5,25951.150390625,25951.25,0
2025-12-19 04:15:00+00:00,25958.849609375,25970.25,25939.94921875,25956.44921875,0
2025-12-19 04:30:00+00:00,25935.599609375,25966.55078125,25929.05078125,25957.69921875,0
2025-12-19 04:45:00+00:00,25959.900390625,25965.55078125,25931.349609375,25935.44921875,0
2025-12-19 05:00:00+00:00,25974.849609375,25976.900390625,25953.19921875,25959.80078125,0
2025-12-19 05:15:00+00:00,25962.400390625,25978.69921875,25960.599609375,25974.849609375,0
2025-12-19 05:30:00+00:00,25954.75,25968.55078125,25939.849609375,25961.849609375,0
2025-12-19 05:45:00+00:00,25931.55078125,25960.400390625,25930.30078125,25953.5,0
2025-12-19 06:00:00+00:00,25913.400390625,25938.849609375,25913.400390625,25932.099609375,0
2025-12-19 06:15:00+00:00,25916.69921875,25927.849609375,25905.599609375,25913.400390625,0
2025-12-19 06:30:00+00:00,25943.94921875,25955.69921875,25915.650390625,25916.25,0
2025-12-19 06:45:00+00:00,25935.69921875,25950.599609375,25929.55078125,25944.55078125,0
2025-12-19 07:00:00+00:00,25953.650390625,25962.400390625,25933.599609375,25936.400390625,0
2025-12-19 07:15:00+00:00,25952.849609375,25959.30078125,25946.0,25954.099609375,0
2025-12-19 07:30:00+00:00,25930.19921875,25955.19921875,25920.80078125,25951.19921875,0
2025-12-19 07:45:00+00:00,25956.19921875,25962.30078125,25926.80078125,25930.30078125,0
2025-12-19 08:00:00+00:00,25977.650390625,25978.349609375,25956.099609375,25956.099609375,0
2025-12-19 08:15:00+00:00,25975.849609375,25984.69921875,25970.099609375,25976.599609375,0
2025-12-19 08:30:00+00:00,25967.5,25983.849609375,25961.30078125,25977.650390625,0
2025-12-19 08:45:00+00:00,25971.05078125,25993.099609375,25965.849609375,25967.94921875,0
2025-12-19 09:00:00+00:00,25974.19921875,25977.650390625,25963.55078125,25971.349609375,0
2025-12-19 09:15:00+00:00,25958.75,25983.05078125,25958.75,25973.94921875,0
2025-12-19 09:30:00+00:00,25969.849609375,25973.599609375,25945.44921875,25959.5,0
2025-12-19 09:45:00+00:00,25961.400390625,25974.25,25955.599609375,25968.5,0
2025-12-22 03:45:00+00:00,26125.55078125,26131.5,26052.0,26055.849609375,0
2025-12-22 04:00:00+00:00,26124.19921875,26136.849609375,26111.19921875,26125.5,0
2025-12-22 04:15:00+00:00,26132.80078125,26136.75,26111.900390625,26124.44921875,0
2025-12-22 04:30:00+00:00,26129.25,26141.900390625,26120.900390625,26133.400390625,0
2025-12-22 04:45:00+00:00,26124.849609375,26134.80078125,26121.0,26128.849609375,0
2025-12-22 05:00:00+00:00,26124.099609375,26133.099609375,26118.19921875,26125.55078125,0
2025-12-22 05:15:00+00:00,26142.599609375,26143.150390625,26119.80078125,26123.69921875,0
2025-12-22 05:30:00+00:00,26123.94921875,26147.25,26120.599609375,26142.599609375,0
2025-12-22 05:45:00+00:00,26136.55078125,26137.349609375,26117.400390625,26124.099609375,0
2025-12-22 06:00:00+00:00,26133.900390625,26139.400390625,26129.650390625,26137.599609375,0
2025-12-22 06:15:00+00:00,26140.94921875,26146.75,26132.75,26134.0,0
2025-12-22 06:30:00+00:00,26134.55078125,26148.099609375,26132.349609375,26141.30078125,0
2025-12-22 06:45:00+00:00,26142.400390625,26153.650390625,26133.849609375,26134.650390625,0
2025-12-22 07:00:00+00:00,26121.849609375,26146.05078125,26121.849609375,26142.19921875,0
2025-12-22 07:15:00+00:00,26139.55078125,26152.900390625,26111.75,26121.80078125,0
2025-12-22 07:30:00+00:00,26139.94921875,26144.349609375,26137.75,26138.900390625,0
2025-12-22 07:45:00+00:00,26148.150390625,26150.94921875,26139.25,26141.44921875,0
2025-12-22 08:00:00+00:00,26144.349609375,26157.25,26138.400390625,26148.19921875,0
2025-12-22 08:15:00+00:00,26144.900390625,26150.849609375,26142.94921875,26144.0,0
2025-12-22 08:30:00+00:00,26143.5,26152.599609375,26125.849609375,26144.94921875,0
2025-12-22 08:45:00+00:00,26157.44921875,26158.75,26128.55078125,26143.849609375,0
2025-12-22 09:00:00+00:00,26159.25,26178.5,26150.25,26157.900390625,0
2025-12-22 09:15:00+00:00,26162.75,26166.25,26154.400390625,26159.349609375,0
2025-12-22 09:30:00+00:00,26174.80078125,26180.55078125,26164.80078125,26164.80078125,0
2025-12-22 09:45:00+00:00,26162.75,26176.44921875,26160.94921875,26174.94921875,0
2025-12-23 03:45:00+00:00,26149.650390625,26205.19921875,26141.75,26205.19921875,0
2025-12-23 04:00:00+00:00,26124.30078125,26151.69921875,26121.0,26149.650390625,0
2025-12-23 04:15:00+00:00,26172.80078125,26175.599609375,26120.0,26124.5,0
2025-12-23 04:30:00+00:00,26184.19921875,26196.599609375,26172.94921875,26174.0,0
2025-12-23 04:45:00+00:00,26172.099609375,26186.400390625,26163.30078125,26184.650390625,0
2025-12-23 05:00:00+00:00,26181.75,26182.44921875,26162.80078125,26172.599609375,0
2025-12-23 05:15:00+00:00,26180.30078125,26188.55078125,26176.849609375,26180.94921875,0
2025-12-23 05:30:00+00:00,26190.0,26195.44921875,26171.599609375,26178.55078125,0
2025-12-23 05:45:00+00:00,26192.30078125,26196.94921875,26184.650390625,26189.75,0
2025-12-23 06:00:00+00:00,26169.099609375,26192.30078125,26166.80078125,26191.25,0
2025-12-23 06:15:00+00:00,26178.349609375,26184.150390625,26157.55078125,26170.25,0
2025-12-23 06:30:00+00:00,26187.69921875,26195.44921875,26177.55078125,26177.94921875,0
2025-12-23 06:45:00+00:00,26174.900390625,26190.80078125,26174.69921875,26187.400390625,0
2025-12-23 07:00:00+00:00,26175.55078125,26180.849609375,26167.099609375,26176.349609375,0
2025-12-23 07:15:00+00:00,26182.099609375,26193.349609375,26173.400390625,26175.650390625,0
2025-12-23 07:30:00+00:00,26186.650390625,26198.94921875,26181.25,26182.80078125,0
2025-12-23 07:45:00+00:00,26192.150390625,26195.80078125,26181.099609375,26186.650390625,0
2025-12-23 08:00:00+00:00,26183.69921875,26195.25,26179.80078125,26191.900390625,0
2025-12-23 08:15:00+00:00,26197.75,26198.150390625,26180.44921875,26184.0,0
2025-12-23 08:30:00+00:00,26203.349609375,26206.099609375,26185.5,26197.80078125,0
2025-12-23 08:45:00+00:00,26213.150390625,26233.55078125,26201.849609375,26203.400390625,0
2025-12-23 09:00:00+00:00,26166.849609375,26216.69921875,26166.849609375,26213.55078125,0
2025-12-23 09:15:00+00:00,26188.650390625,26191.650390625,26158.69921875,26167.19921875,0
2025-12-23 09:30:00+00:00,26183.5,26206.650390625,26162.30078125,26189.099609375,0
2025-12-23 09:45:00+00:00,26164.55078125,26187.650390625,26158.94921875,26184.0,0
2025-12-24 03:45:00+00:00,26217.099609375,26221.900390625,26142.0,26183.75,0
2025-12-24 04:00:00+00:00,26215.69921875,26229.19921875,26202.650390625,26217.599609375,0
2025-12-24 04:15:00+00:00,26221.849609375,26227.25,26203.349609375,26217.599609375,0
2025-12-24 04:30:00+00:00,26227.19921875,26228.650390625,26203.599609375,26222.599609375,0
2025-12-24 04:45:00+00:00,26230.94921875,26236.30078125,26221.05078125,26228.5,0
2025-12-24 05:00:00+00:00,26218.30078125,26235.349609375,26218.30078125,26230.5,0
2025-12-24 05:15:00+00:00,26210.80078125,26223.849609375,26201.05078125,26220.099609375,0
2025-12-24 05:30:00+00:00,26210.150390625,26216.849609375,26198.05078125,26211.599609375,0
2025-12-24 05:45:00+00:00,26213.05078125,26221.0,26205.25,26210.30078125,0
2025-12-24 06:00:00+00:00,26185.44921875,26217.44921875,26184.150390625,26214.349609375,0
2025-12-24 06:15:00+00:00,26192.849609375,26197.94921875,26178.650390625,26186.69921875,0
2025-12-24 06:30:00+00:00,26192.0,26198.05078125,26185.849609375,26193.30078125,0
2025-12-24 06:45:00+00:00,26202.0,26205.150390625,26190.44921875,26191.849609375,0
2025-12-24 07:00:00+00:00,26193.099609375,26209.099609375,26187.849609375,26201.900390625,0
2025-12-24 07:15:00+00:00,26193.099609375,26198.150390625,26186.30078125,26192.349609375,0
2025-12-24 07:30:00+00:00,26181.05078125,26194.25,26173.19921875,26193.599609375,0
2025-12-24 07:45:00+00:00,26170.400390625,26181.5,26164.75,26181.0,0
2025-12-24 08:00:00+00:00,26160.099609375,26171.349609375,26151.099609375,26169.599609375,0
2025-12-24 08:15:00+00:00,26152.349609375,26168.650390625,26147.0,26159.099609375,0
2025-12-24 08:30:00+00:00,26158.5,26168.400390625,26139.599609375,26151.69921875,0
2025-12-24 08:45:00+00:00,26138.349609375,26162.5,26124.900390625,26160.599609375,0
2025-12-24 09:00:00+00:00,26139.69921875,26152.349609375,26124.19921875,26139.05078125,0
2025-12-24 09:15:00+00:00,26148.099609375,26150.19921875,26124.44921875,26140.30078125,0
2025-12-24 09:30:00+00:00,26154.80078125,26166.55078125,26129.05078125,26148.19921875,0
2025-12-24 09:45:00+00:00,26141.650390625,26157.650390625,26129.900390625,26155.900390625,0
2025-12-26 03:45:00+00:00,26132.849609375,26139.849609375,26096.55078125,26120.75,0
2025-12-26 04:00:00+00:00,26086.5,26137.19921875,26081.849609375,26131.849609375,0
2025-12-26 04:15:00+00:00,26090.599609375,26095.150390625,26071.69921875,26086.849609375,0
2025-12-26 04:30:00+00:00,26091.44921875,26102.099609375,26080.80078125,26090.150390625,0
2025-12-26 04:45:00+00:00,26091.75,26093.599609375,26078.44921875,26090.349609375,0
2025-12-26 05:00:00+00:00,26093.099609375,26097.599609375,26083.05078125,26091.69921875,0
2025-12-26 05:15:00+00:00,26089.400390625,26095.05078125,26081.5,26093.349609375,0
2025-12-26 05:30:00+00:00,26072.80078125,26094.55078125,26067.650390625,26089.599609375,0
2025-12-26 05:45:00+00:00,26067.150390625,26074.44921875,26058.55078125,26072.30078125,0
2025-12-26 06:00:00+00:00,26053.150390625,26067.75,26050.19921875,26064.849609375,0
2025-12-26 06:15:00+00:00,26056.5,26063.349609375,26048.69921875,26052.599609375,0
2025-12-26 06:30:00+00:00,26062.25,26064.650390625,26050.099609375,26056.650390625,0
2025-12-26 06:45:00+00:00,26059.5,26067.099609375,26050.650390625,26062.0,0
2025-12-26 07:00:00+00:00,26039.75,26060.80078125,26034.400390625,26059.19921875,0
2025-12-26 07:15:00+00:00,26038.25,26043.25,26034.900390625,26038.30078125,0
2025-12-26 07:30:00+00:00,26042.150390625,26044.099609375,26031.0,26038.05078125,0
2025-12-26 07:45:00+00:00,26049.44921875,26053.099609375,26041.75,26041.75,0
2025-12-26 08:00:00+00:00,26048.69921875,26053.30078125,26042.599609375,26048.849609375,0
2025-12-26 08:15:00+00:00,26049.19921875,26054.349609375,26041.400390625,26048.150390625,0
2025-12-26 08:30:00+00:00,26044.150390625,26053.650390625,26032.400390625,26047.650390625,0
2025-12-26 08:45:00+00:00,26026.0,26046.0,26017.150390625,26042.5,0
2025-12-26 09:00:00+00:00,26017.349609375,26028.05078125,26013.55078125,26025.849609375,0
2025-12-26 09:15:00+00:00,26038.94921875,26039.80078125,26008.75,26017.150390625,0
2025-12-26 09:30:00+00:00,26048.30078125,26051.349609375,26035.30078125,26039.30078125,0
2025-12-26 09:45:00+00:00,26047.650390625,26052.44921875,26031.05078125,26048.25,0
